l1_r,l2_r,recovery,h_emp,l1,l2
0.5,0.06896275705804848,0,253.12734902012363,0.007250290175886264,0.001
9.612717845918182,0.06896275705804848,1,13.207119026751691,0.13938998752365434,0.001
18.725435691836363,0.06896275705804848,1,6.8389029151882115,0.27152968487142237,0.001
27.838153537754543,0.06896275705804848,1,4.665952046880105,0.4036693822191904,0.001
36.95087138367273,0.06896275705804848,1,3.5848258417136023,0.5358090795669586,0.001
46.06358922959091,0.06896275705804848,1,2.9478375649759125,0.6679487769147266,0.001
55.17630707550909,0.06896275705804848,1,2.535019324119716,0.8000884742624946,0.001
64.28902492142727,0.06896275705804848,1,2.250898399175338,0.9322281716102627,0.001
73.40174276734545,0.06896275705804848,1,2.047178069177733,1.0643678689580307,0.001
82.51446061326362,0.06896275705804848,1,1.896694535763084,1.1965075663057987,0.001
91.62717845918182,0.06896275705804848,1,1.7829481580741242,1.328647263653567,0.001
100.73989630509999,0.06896275705804848,1,1.6953333954945182,1.4607869610013349,0.001
109.85261415101817,0.06896275705804848,1,1.6267436311438679,1.5929266583491029,0.001
118.96533199693636,0.06896275705804848,1,1.57226784494621,1.725066355696871,0.001
128.07804984285454,0.06896275705804848,1,1.5284318840339894,1.857206053044639,0.001
137.19076768877272,0.06896275705804848,1,1.492731833132052,1.9893457503924072,0.001
146.3034855346909,0.06896275705804848,1,1.4633345571797307,2.1214854477401754,0.001
155.4162033806091,0.06896275705804848,1,1.4388793109026454,2.2536251450879434,0.001
164.52892122652727,0.06896275705804848,1,1.4183431467251455,2.3857648424357114,0.001
173.64163907244549,0.06896275705804848,1,1.400947918667557,2.51790453978348,0.001
182.75435691836364,0.06896275705804848,1,1.3860950621931123,2.650044237131248,0.001
191.86707476428182,0.06896275705804848,1,1.3733192609429543,2.782183934479016,0.001
200.9797926102,0.06896275705804848,1,1.3622551441079636,2.914323631826784,0.001
210.0925104561182,0.06896275705804848,1,1.352613086375709,3.0464633291745518,0.001
219.20522830203635,0.06896275705804848,1,1.344161438084185,3.1786030265223197,0.001
228.31794614795456,0.06896275705804848,1,1.336713345593648,3.310742723870088,0.001
237.43066399387274,0.06896275705804848,1,1.33011688134304,3.442882421217856,0.001
246.54338183979092,0.06896275705804848,0,1.3242475834435363,3.575022118565624,0.001
255.65609968570908,0.06896275705804848,0,1.3190027659647205,3.707161815913392,0.001
264.7688175316273,0.06896275705804848,0,1.3142971422933716,3.83930151326116,0.001
273.88153537754545,0.06896275705804848,0,1.3100594307876794,3.9714412106089285,0.001
282.9942532234636,0.06896275705804848,0,1.3062297015227302,4.103580907956696,0.001
292.1069710693818,0.06896275705804848,0,1.3027572867292672,4.235720605304464,0.001
301.2196889153,0.06896275705804848,0,1.2995991233674575,4.3678603026522325,0.001
310.3324067612181,0.06896275705804848,0,1.296718429484379,4.5,0.001
0.5,0.09857959500097598,0,253.03289167049752,0.007250290175886264,0.0014294613383568455
9.612717845918182,0.09857959500097598,1,13.202164108406352,0.13938998752365434,0.0014294613383568455
18.725435691836363,0.09857959500097598,1,6.836299416519941,0.27152968487142237,0.0014294613383568455
27.838153537754543,0.09857959500097598,1,4.664135116665307,0.4036693822191904,0.0014294613383568455
36.95087138367273,0.09857959500097598,1,3.5833891119377657,0.5358090795669586,0.0014294613383568455
46.06358922959091,0.09857959500097598,1,2.9466168373858,0.6679487769147266,0.0014294613383568455
55.17630707550909,0.09857959500097598,1,2.5339329711837593,0.8000884742624946,0.0014294613383568455
64.28902492142727,0.09857959500097598,1,2.249900826081497,0.9322281716102627,0.0014294613383568455
73.40174276734545,0.09857959500097598,1,2.0462419441378867,1.0643678689580307,0.0014294613383568455
82.51446061326362,0.09857959500097598,1,1.8958026957228018,1.1965075663057987,0.0014294613383568455
91.62717845918182,0.09857959500097598,1,1.782089434451234,1.328647263653567,0.0014294613383568455
100.73989630509999,0.09857959500097598,1,1.6945002765480583,1.4607869610013349,0.0014294613383568455
109.85261415101817,0.09857959500097598,1,1.6259308894462918,1.5929266583491029,0.0014294613383568455
118.96533199693636,0.09857959500097598,1,1.571471712462102,1.725066355696871,0.0014294613383568455
128.07804984285454,0.09857959500097598,1,1.5276495501325233,1.857206053044639,0.0014294613383568455
137.19076768877272,0.09857959500097598,1,1.4919611354639382,1.9893457503924072,0.0014294613383568455
146.3034855346909,0.09857959500097598,1,1.462573787965924,2.1214854477401754,0.0014294613383568455
155.4162033806091,0.09857959500097598,1,1.4381270924581433,2.2536251450879434,0.0014294613383568455
164.52892122652727,0.09857959500097598,1,1.4175983488957038,2.3857648424357114,0.0014294613383568455
173.64163907244549,0.09857959500097598,1,1.4002096020981798,2.51790453978348,0.0014294613383568455
182.75435691836364,0.09857959500097598,1,1.3853624379421239,2.650044237131248,0.0014294613383568455
191.86707476428182,0.09857959500097598,1,1.372591660781174,2.782183934479016,0.0014294613383568455
200.9797926102,0.09857959500097598,1,1.3615319980552603,2.914323631826784,0.0014294613383568455
210.0925104561182,0.09857959500097598,1,1.3518939053152519,3.0464633291745518,0.0014294613383568455
219.20522830203635,0.09857959500097598,1,1.3434458000560237,3.1786030265223197,0.0014294613383568455
228.31794614795456,0.09857959500097598,1,1.3360008848297351,3.310742723870088,0.0014294613383568455
237.43066399387274,0.09857959500097598,1,1.3294072793926106,3.442882421217856,0.0014294613383568455
246.54338183979092,0.09857959500097598,0,1.3235405619224128,3.575022118565624,0.0014294613383568455
255.65609968570908,0.09857959500097598,0,1.318298080585095,3.707161815913392,0.0014294613383568455
264.7688175316273,0.09857959500097598,0,1.3135945779153966,3.83930151326116,0.0014294613383568455
273.88153537754545,0.09857959500097598,0,1.3093587972943728,3.9714412106089285,0.0014294613383568455
282.9942532234636,0.09857959500097598,0,1.305530830363569,4.103580907956696,0.0014294613383568455
292.1069710693818,0.09857959500097598,0,1.3020600280105963,4.235720605304464,0.0014294613383568455
301.2196889153,0.09857959500097598,0,1.298903343392659,4.3678603026522325,0.0014294613383568455
310.3324067612181,0.09857959500097598,0,1.2960240086659194,4.5,0.0014294613383568455
0.5,0.14091571980477074,0,252.89807010014215,0.007250290175886264,0.0020433597178569417
9.612717845918182,0.14091571980477074,1,13.195091816007617,0.13938998752365434,0.0020433597178569417
18.725435691836363,0.14091571980477074,1,6.832583367401089,0.27152968487142237,0.0020433597178569417
27.838153537754543,0.14091571980477074,1,4.6615417531289225,0.4036693822191904,0.0020433597178569417
36.95087138367273,0.14091571980477074,1,3.581338410313393,0.5358090795669586,0.0020433597178569417
46.06358922959091,0.14091571980477074,1,2.9448744291744595,0.6679487769147266,0.0020433597178569417
55.17630707550909,0.14091571980477074,1,2.5323823436400326,0.8000884742624946,0.0020433597178569417
64.28902492142727,0.14091571980477074,1,2.248476897927356,0.9322281716102627,0.0020433597178569417
73.40174276734545,0.14091571980477074,1,2.0449057028453272,1.0643678689580307,0.0020433597178569417
82.51446061326362,0.14091571980477074,1,1.8945296443861612,1.1965075663057987,0.0020433597178569417
91.62717845918182,0.14091571980477074,1,1.7808636334633992,1.328647263653567,0.0020433597178569417
100.73989630509999,0.14091571980477074,1,1.69331100655698,1.4607869610013349,0.0020433597178569417
109.85261415101817,0.14091571980477074,1,1.624770691830466,1.5929266583491029,0.0020433597178569417
118.96533199693636,0.14091571980477074,1,1.570335211541501,1.725066355696871,0.0020433597178569417
128.07804984285454,0.14091571980477074,1,1.5265327364636858,1.857206053044639,0.0020433597178569417
137.19076768877272,0.14091571980477074,1,1.4908609245407436,1.9893457503924072,0.0020433597178569417
146.3034855346909,0.14091571980477074,1,1.4614877437307994,2.1214854477401754,0.0020433597178569417
155.4162033806091,0.14091571980477074,1,1.4370532496752255,2.2536251450879434,0.0020433597178569417
164.52892122652727,0.14091571980477074,1,1.416535095361938,2.3857648424357114,0.0020433597178569417
173.64163907244549,0.14091571980477074,1,1.3991555977246344,2.51790453978348,0.0020433597178569417
182.75435691836364,0.14091571980477074,1,1.3843165571590597,2.650044237131248,0.0020433597178569417
191.86707476428182,0.14091571980477074,1,1.3715529501854855,2.782183934479016,0.0020433597178569417
200.9797926102,0.14091571980477074,1,1.3604996443795316,2.914323631826784,0.0020433597178569417
210.0925104561182,0.14091571980477074,1,1.350867210637048,3.0464633291745518,0.0020433597178569417
219.20522830203635,0.14091571980477074,1,1.3424241622528748,3.1786030265223197,0.0020433597178569417
228.31794614795456,0.14091571980477074,1,1.3349837819424535,3.310742723870088,0.0020433597178569417
237.43066399387274,0.14091571980477074,1,1.3283942569687248,3.442882421217856,0.0020433597178569417
246.54338183979092,0.14091571980477074,0,1.3225312226748112,3.575022118565624,0.0020433597178569417
255.65609968570908,0.14091571980477074,0,1.3172920758763715,3.707161815913392,0.0020433597178569417
264.7688175316273,0.14091571980477074,0,1.3125916006991742,3.83930151326116,0.0020433597178569417
273.88153537754545,0.14091571980477074,0,1.308358576230666,3.9714412106089285,0.0020433597178569417
282.9942532234636,0.14091571980477074,0,1.3045331248877847,4.103580907956696,0.0020433597178569417
292.1069710693818,0.14091571980477074,0,1.301064624182402,4.235720605304464,0.0020433597178569417
301.2196889153,0.14091571980477074,0,1.2979100503863583,4.3678603026522325,0.0020433597178569417
310.3324067612181,0.14091571980477074,0,1.2950326557912955,4.5,0.0020433597178569417
0.5,0.2014335734276458,0,252.70575871003635,0.007250290175886264,0.00292090371703225
9.612717845918182,0.2014335734276458,1,13.185003795734504,0.13938998752365434,0.00292090371703225
18.725435691836363,0.2014335734276458,1,6.827282734578231,0.27152968487142237,0.00292090371703225
27.838153537754543,0.2014335734276458,1,4.657842524341445,0.4036693822191904,0.00292090371703225
36.95087138367273,0.2014335734276458,1,3.5784132246000127,0.5358090795669586,0.00292090371703225
46.06358922959091,0.2014335734276458,1,2.9423889722018615,0.6679487769147266,0.00292090371703225
55.17630707550909,0.2014335734276458,1,2.5301704127775078,0.8000884742624946,0.00292090371703225
64.28902492142727,0.2014335734276458,1,2.2464456551021095,0.9322281716102627,0.00292090371703225
73.40174276734545,0.2014335734276458,1,2.042999497741197,1.0643678689580307,0.00292090371703225
82.51446061326362,0.2014335734276458,1,1.8927135350568989,1.1965075663057987,0.00292090371703225
91.62717845918182,0.2014335734276458,1,1.7791148867156288,1.328647263653567,0.00292090371703225
100.73989630509999,0.2014335734276458,1,1.6916143369690133,1.4607869610013349,0.00292090371703225
109.85261415101817,0.2014335734276458,1,1.6231154656829563,1.5929266583491029,0.00292090371703225
118.96533199693636,0.2014335734276458,1,1.568713766073979,1.725066355696871,0.00292090371703225
128.07804984285454,0.2014335734276458,1,1.524939357138072,1.857206053044639,0.00292090371703225
137.19076768877272,0.2014335734276458,1,1.4892912154027087,1.9893457503924072,0.00292090371703225
146.3034855346909,0.2014335734276458,1,1.459938233022902,2.1214854477401754,0.00292090371703225
155.4162033806091,0.2014335734276458,1,1.435521136551766,2.2536251450879434,0.00292090371703225
164.52892122652727,0.2014335734276458,1,1.41501808198721,2.3857648424357114,0.00292090371703225
173.64163907244549,0.2014335734276458,1,1.397651773963191,2.51790453978348,0.00292090371703225
182.75435691836364,0.2014335734276458,1,1.3828243185215607,2.650044237131248,0.00292090371703225
191.86707476428182,0.2014335734276458,1,1.370070937498604,2.782183934479016,0.00292090371703225
200.9797926102,0.2014335734276458,1,1.359026698161439,2.914323631826784,0.00292090371703225
210.0925104561182,0.2014335734276458,1,1.3494023357855383,3.0464633291745518,0.00292090371703225
219.20522830203635,0.2014335734276458,1,1.3409665002039615,3.1786030265223197,0.00292090371703225
228.31794614795456,0.2014335734276458,1,1.3335325883944489,3.310742723870088,0.00292090371703225
237.43066399387274,0.2014335734276458,1,1.3269488838500278,3.442882421217856,0.00292090371703225
246.54338183979092,0.2014335734276458,0,1.3210911034087365,3.575022118565624,0.00292090371703225
255.65609968570908,0.2014335734276458,0,1.3158567132461385,3.707161815913392,0.00292090371703225
264.7688175316273,0.2014335734276458,0,1.3111605567881524,3.83930151326116,0.00292090371703225
273.88153537754545,0.2014335734276458,0,1.3069314640350467,3.9714412106089285,0.00292090371703225
282.9942532234636,0.2014335734276458,0,1.303109601287872,4.103580907956696,0.00292090371703225
292.1069710693818,0.2014335734276458,0,1.2996443840250862,4.235720605304464,0.00292090371703225
301.2196889153,0.2014335734276458,0,1.2964928214817313,4.3678603026522325,0.00292090371703225
310.3324067612181,0.2014335734276458,0,1.2936181946652128,4.5,0.00292090371703225
0.5,0.2879415054618842,0,252.43169350802543,0.007250290175886264,0.0041753189365604
9.612717845918182,0.2879415054618842,1,13.170627235360392,0.13938998752365434,0.0041753189365604
18.725435691836363,0.2879415054618842,1,6.819728725131472,0.27152968487142237,0.0041753189365604
27.838153537754543,0.2879415054618842,1,4.652570673148276,0.4036693822191904,0.0041753189365604
36.95087138367273,0.2879415054618842,1,3.5742444356177274,0.5358090795669586,0.0041753189365604
46.06358922959091,0.2879415054618842,1,2.9388467942642316,0.6679487769147266,0.0041753189365604
55.17630707550909,0.2879415054618842,1,2.5270179738534115,0.8000884742624946,0.0041753189365604
64.28902492142727,0.2879415054618842,1,2.2435506398813714,0.9322281716102627,0.0041753189365604
73.40174276734545,0.2879415054618842,1,2.040282593573334,1.0643678689580307,0.0041753189365604
82.51446061326362,0.2879415054618842,1,1.890124947318922,1.1965075663057987,0.0041753189365604
91.62717845918182,0.2879415054618842,1,1.776622224735478,1.328647263653567,0.0041753189365604
100.73989630509999,0.2879415054618842,1,1.6891958271099787,1.4607869610013349,0.0041753189365604
109.85261415101817,0.2879415054618842,1,1.620755964640276,1.5929266583491029,0.0041753189365604
118.96533199693636,0.2879415054618842,1,1.5664023641373774,1.725066355696871,0.0041753189365604
128.07804984285454,0.2879415054618842,1,1.52266791982002,1.857206053044639,0.0041753189365604
137.19076768877272,0.2879415054618842,1,1.4870534857968172,1.9893457503924072,0.0041753189365604
146.3034855346909,0.2879415054618842,1,1.45772926975788,2.1214854477401754,0.0041753189365604
155.4162033806091,0.2879415054618842,1,1.4333369530026812,2.2536251450879434,0.0041753189365604
164.52892122652727,0.2879415054618842,1,1.4128554072289354,2.3857648424357114,0.0041753189365604
173.64163907244549,0.2879415054618842,1,1.3955078886732883,2.51790453978348,0.0041753189365604
182.75435691836364,0.2879415054618842,1,1.3806969382482048,2.650044237131248,0.0041753189365604
191.86707476428182,0.2879415054618842,1,1.3679581268513397,2.782183934479016,0.0041753189365604
200.9797926102,0.2879415054618842,1,1.3569268059236514,2.914323631826784,0.0041753189365604
210.0925104561182,0.2879415054618842,1,1.3473139446931446,3.0464633291745518,0.0041753189365604
219.20522830203635,0.2879415054618842,1,1.3388883873457071,3.1786030265223197,0.0041753189365604
228.31794614795456,0.2879415054618842,1,1.3314636935244206,3.310742723870088,0.0041753189365604
237.43066399387274,0.2879415054618842,1,1.3248882837332479,3.442882421217856,0.0041753189365604
246.54338183979092,0.2879415054618842,0,1.3190379908543644,3.575022118565624,0.0041753189365604
255.65609968570908,0.2879415054618842,0,1.3138103798379421,3.707161815913392,0.0041753189365604
264.7688175316273,0.2879415054618842,0,1.3091203785662935,3.83930151326116,0.0041753189365604
273.88153537754545,0.2879415054618842,0,1.3048968895567015,3.9714412106089285,0.0041753189365604
282.9942532234636,0.2879415054618842,0,1.301080141620644,4.103580907956696,0.0041753189365604
292.1069710693818,0.2879415054618842,0,1.2976196043214392,4.235720605304464,0.0041753189365604
301.2196889153,0.2879415054618842,0,1.2944723338543005,4.3678603026522325,0.0041753189365604
310.3324067612181,0.2879415054618842,0,1.2916016521380218,4.5,0.0041753189365604
0.5,0.4116012497660299,0,252.04162849399444,0.007250290175886264,0.0059684569951223105
9.612717845918182,0.4116012497660299,1,13.150165695712491,0.13938998752365434,0.0059684569951223105
18.725435691836363,0.4116012497660299,1,6.808977402450277,0.27152968487142237,0.0059684569951223105
27.838153537754543,0.4116012497660299,1,4.645067403575028,0.4036693822191904,0.0059684569951223105
36.95087138367273,0.4116012497660299,1,3.568311034206532,0.5358090795669586,0.0059684569951223105
46.06358922959091,0.4116012497660299,1,2.933805116453325,0.6679487769147266,0.0059684569951223105
55.17630707550909,0.4116012497660299,1,2.5225308599513383,0.8000884742624946,0.0059684569951223105
64.28902492142727,0.4116012497660299,1,2.2394297493744193,0.9322281716102627,0.0059684569951223105
73.40174276734545,0.4116012497660299,1,2.0364150344241523,1.0643678689580307,0.0059684569951223105
82.51446061326362,0.4116012497660299,1,1.8864398520329566,1.1965075663057987,0.0059684569951223105
91.62717845918182,0.4116012497660299,1,1.7730735065621328,1.328647263653567,0.0059684569951223105
100.73989630509999,0.4116012497660299,1,1.685752516485394,1.4607869610013349,0.0059684569951223105
109.85261415101817,0.4116012497660299,1,1.6173965310207161,1.5929266583491029,0.0059684569951223105
118.96533199693636,0.4116012497660299,1,1.563111301777313,1.725066355696871,0.0059684569951223105
128.07804984285454,0.4116012497660299,1,1.5194336703735016,1.857206053044639,0.0059684569951223105
137.19076768877272,0.4116012497660299,1,1.4838671600482898,1.9893457503924072,0.0059684569951223105
146.3034855346909,0.4116012497660299,1,1.4545838476791195,2.1214854477401754,0.0059684569951223105
155.4162033806091,0.4116012497660299,1,1.4302267706032121,2.2536251450879434,0.0059684569951223105
164.52892122652727,0.4116012497660299,1,1.4097758168036474,2.3857648424357114,0.0059684569951223105
173.64163907244549,0.4116012497660299,1,1.3924550257232586,2.51790453978348,0.0059684569951223105
182.75435691836364,0.4116012497660299,1,1.3776675557577718,2.650044237131248,0.0059684569951223105
191.86707476428182,0.4116012497660299,1,1.3649494735022731,2.782183934479016,0.0059684569951223105
200.9797926102,0.4116012497660299,1,1.3539365340142249,2.914323631826784,0.0059684569951223105
210.0925104561182,0.4116012497660299,1,1.3443400388688493,3.0464633291745518,0.0059684569951223105
219.20522830203635,0.4116012497660299,1,1.335929108396905,3.1786030265223197,0.0059684569951223105
228.31794614795456,0.4116012497660299,1,1.3285175334058539,3.310742723870088,0.0059684569951223105
237.43066399387274,0.4116012497660299,1,1.3219539291401947,3.442882421217856,0.0059684569951223105
246.54338183979092,0.4116012497660299,0,1.3161142934478913,3.575022118565624,0.0059684569951223105
255.65609968570908,0.4116012497660299,0,1.3108963317154292,3.707161815913392,0.0059684569951223105
264.7688175316273,0.4116012497660299,0,1.3062150919198932,3.83930151326116,0.0059684569951223105
273.88153537754545,0.4116012497660299,0,1.301999579708142,3.9714412106089285,0.0059684569951223105
282.9942532234636,0.4116012497660299,0,1.29819011279995,4.103580907956696,0.0059684569951223105
292.1069710693818,0.4116012497660299,0,1.2947362376906943,4.235720605304464,0.0059684569951223105
301.2196889153,0.4116012497660299,0,1.2915950773790241,4.3678603026522325,0.0059684569951223105
310.3324067612181,0.4116012497660299,0,1.2887300119869671,4.5,0.0059684569951223105
0.5,0.5883680733598993,0,251.48749546534293,0.007250290175886264,0.008531678524172814
9.612717845918182,0.5883680733598993,1,13.12109766329732,0.13938998752365434,0.008531678524172814
18.725435691836363,0.5883680733598993,1,6.793703828139062,0.27152968487142237,0.008531678524172814
27.838153537754543,0.5883680733598993,1,4.634407983084038,0.4036693822191904,0.008531678524172814
36.95087138367273,0.5883680733598993,1,3.5598816500785224,0.5358090795669586,0.008531678524172814
46.06358922959091,0.5883680733598993,1,2.926642318795669,0.6679487769147266,0.008531678524172814
55.17630707550909,0.5883680733598993,1,2.516155612459526,0.8000884742624946,0.008531678524172814
64.28902492142727,0.5883680733598993,1,2.233574447290004,0.9322281716102627,0.008531678524172814
73.40174276734545,0.5883680733598993,1,2.0309192809576877,1.0643678689580307,0.008531678524172814
82.51446061326362,0.5883680733598993,1,1.8812029773151118,1.1965075663057987,0.008531678524172814
91.62717845918182,0.5883680733598993,1,1.7680300660777883,1.328647263653567,0.008531678524172814
100.73989630509999,0.5883680733598993,1,1.6808585546703,1.4607869610013349,0.008531678524172814
109.85261415101817,0.5883680733598993,1,1.612621506468023,1.5929266583491029,0.008531678524172814
118.96533199693636,0.5883680733598993,1,1.5584332306884687,1.725066355696871,0.008531678524172814
128.07804984285454,0.5883680733598993,1,1.514836171745054,1.857206053044639,0.008531678524172814
137.19076768877272,0.5883680733598993,1,1.4793376382967616,1.9893457503924072,0.008531678524172814
146.3034855346909,0.5883680733598993,1,1.4501123561952647,2.1214854477401754,0.008531678524172814
155.4162033806091,0.5883680733598993,1,1.425805283456982,2.2536251450879434,0.008531678524172814
164.52892122652727,0.5883680733598993,1,1.405397747044106,2.3857648424357114,0.008531678524172814
173.64163907244549,0.5883680733598993,1,1.3881148952252704,2.51790453978348,0.008531678524172814
182.75435691836364,0.5883680733598993,1,1.3733607606428466,2.650044237131248,0.008531678524172814
191.86707476428182,0.5883680733598993,1,1.3606721118269591,2.782183934479016,0.008531678524172814
200.9797926102,0.5883680733598993,1,1.349685275511096,2.914323631826784,0.008531678524172814
210.0925104561182,0.5883680733598993,1,1.3401120241260913,3.0464633291745518,0.008531678524172814
219.20522830203635,0.5883680733598993,1,1.3317218693395956,3.1786030265223197,0.008531678524172814
228.31794614795456,0.5883680733598993,1,1.3243289296389977,3.310742723870088,0.008531678524172814
237.43066399387274,0.5883680733598993,1,1.3177820963862459,3.442882421217856,0.008531678524172814
246.54338183979092,0.5883680733598993,0,1.311957601383953,3.575022118565624,0.008531678524172814
255.65609968570908,0.5883680733598993,0,1.3067533492275065,3.707161815913392,0.008531678524172814
264.7688175316273,0.5883680733598993,0,1.3020845582808975,3.83930151326116,0.008531678524172814
273.88153537754545,0.5883680733598993,0,1.2978803805333095,3.9714412106089285,0.008531678524172814
282.9942532234636,0.5883680733598993,0,1.2940812598861207,4.103580907956696,0.008531678524172814
292.1069710693818,0.5883680733598993,0,1.2906368520343707,4.235720605304464,0.008531678524172814
301.2196889153,0.5883680733598993,0,1.2875043748113024,4.3678603026522325,0.008531678524172814
310.3324067612181,0.5883680733598993,0,1.2846472909738749,4.5,0.008531678524172814
0.5,0.8410494135914796,0,250.7023604879212,0.007250290175886264,0.012195704601594415
9.612717845918182,0.8410494135914796,1,13.079911977708438,0.13938998752365434,0.012195704601594415
18.725435691836363,0.8410494135914796,1,6.77206302721909,0.27152968487142237,0.012195704601594415
27.838153537754543,0.8410494135914796,1,4.619304671853745,0.4036693822191904,0.012195704601594415
36.95087138367273,0.8410494135914796,1,3.5479377216312744,0.5358090795669586,0.012195704601594415
46.06358922959091,0.8410494135914796,1,2.916492554419667,0.6679487769147266,0.012195704601594415
55.17630707550909,0.8410494135914796,1,2.5071211539393996,0.8000884742624946,0.012195704601594415
64.28902492142727,0.8410494135914796,1,2.2252760406580254,0.9322281716102627,0.012195704601594415
73.40174276734545,0.8410494135914796,1,2.023129621813932,1.0643678689580307,0.012195704601594415
82.51446061326362,0.8410494135914796,1,1.8737794397896754,1.1965075663057987,0.012195704601594415
91.62717845918182,0.8410494135914796,1,1.7608799778979687,1.328647263653567,0.012195704601594415
100.73989630509999,0.8410494135914796,1,1.6739197178961864,1.4607869610013349,0.012195704601594415
109.85261415101817,0.8410494135914796,1,1.6058507396541386,1.5929266583491029,0.012195704601594415
118.96533199693636,0.8410494135914796,1,1.5517994749753952,1.725066355696871,0.012195704601594415
128.07804984285454,0.8410494135914796,1,1.5083162967905943,1.857206053044639,0.012195704601594415
137.19076768877272,0.8410494135914796,1,1.472913864270442,1.9893457503924072,0.012195704601594415
146.3034855346909,0.8410494135914796,1,1.4437706434625992,2.1214854477401754,0.012195704601594415
155.4162033806091,0.8410494135914796,1,1.4195343020640765,2.2536251450879434,0.012195704601594415
164.52892122652727,0.8410494135914796,1,1.3991881961484844,2.3857648424357114,0.012195704601594415
173.64163907244549,0.8410494135914796,1,1.3819590372680899,2.51790453978348,0.012195704601594415
182.75435691836364,0.8410494135914796,1,1.3672520907111934,2.650044237131248,0.012195704601594415
191.86707476428182,0.8410494135914796,1,1.3546051149372271,2.782183934479016,0.012195704601594415
200.9797926102,0.8410494135914796,1,1.3436552431771873,2.914323631826784,0.012195704601594415
210.0925104561182,0.8410494135914796,1,1.3341149123801488,3.0464633291745518,0.012195704601594415
219.20522830203635,0.8410494135914796,1,1.3257541867249427,3.1786030265223197,0.012195704601594415
228.31794614795456,0.8410494135914796,1,1.3183876475134402,3.310742723870088,0.012195704601594415
237.43066399387274,0.8410494135914796,1,1.3118645762366008,3.442882421217856,0.012195704601594415
246.54338183979092,0.8410494135914796,0,1.306061535364424,3.575022118565624,0.012195704601594415
255.65609968570908,0.8410494135914796,0,1.300876711136546,3.707161815913392,0.012195704601594415
264.7688175316273,0.8410494135914796,0,1.2962255628787607,3.83930151326116,0.012195704601594415
273.88153537754545,0.8410494135914796,0,1.2920374495895415,3.9714412106089285,0.012195704601594415
282.9942532234636,0.8410494135914796,0,1.2882529937009486,4.103580907956696,0.012195704601594415
292.1069710693818,0.8410494135914796,0,1.2848220054423982,4.235720605304464,0.012195704601594415
301.2196889153,0.8410494135914796,0,1.281701836876852,4.3678603026522325,0.012195704601594415
310.3324067612181,0.8410494135914796,0,1.2788560677423801,4.5,0.012195704601594415
0.5,1.2022476203767156,0,249.59408818975805,0.007250290175886264,0.017433288221999882
9.612717845918182,1.2022476203767156,1,13.021775473661119,0.13938998752365434,0.017433288221999882
18.725435691836363,1.2022476203767156,1,6.741515323515152,0.27152968487142237,0.017433288221999882
27.838153537754543,1.2022476203767156,1,4.597984752160841,0.4036693822191904,0.017433288221999882
36.95087138367273,1.2022476203767156,1,3.5310769113332032,0.5358090795669586,0.017433288221999882
46.06358922959091,1.2022476203767156,1,2.9021634796249973,0.6679487769147266,0.017433288221999882
55.17630707550909,1.2022476203767156,1,2.4943653028275388,0.8000884742624946,0.017433288221999882
64.28902492142727,1.2022476203767156,1,2.2135578791864288,0.9322281716102627,0.017433288221999882
73.40174276734545,1.2022476203767156,1,2.012128203377636,1.0643678689580307,0.017433288221999882
82.51446061326362,1.2022476203767156,1,1.8632934554376739,1.1965075663057987,0.017433288221999882
91.62717845918182,1.2022476203767156,1,1.7507787213748587,1.328647263653567,0.017433288221999882
100.73989630509999,1.2022476203767156,1,1.6641155560162164,1.4607869610013349,0.017433288221999882
109.85261415101817,1.2022476203767156,1,1.5962829043862552,1.5929266583491029,0.017433288221999882
118.96533199693636,1.2022476203767156,1,1.5424243059372846,1.725066355696871,0.017433288221999882
128.07804984285454,1.2022476203767156,1,1.4991013055374174,1.857206053044639,0.017433288221999882
137.19076768877272,1.2022476203767156,1,1.4638340888914079,1.9893457503924072,0.017433288221999882
146.3034855346909,1.2022476203767156,1,1.4348063751156521,2.1214854477401754,0.017433288221999882
155.4162033806091,1.2022476203767156,1,1.4106696330633424,2.2536251450879434,0.017433288221999882
164.52892122652727,1.2022476203767156,1,1.3904100631950502,2.3857648424357114,0.017433288221999882
173.64163907244549,1.2022476203767156,1,1.37325656786862,2.51790453978348,0.017433288221999882
182.75435691836364,1.2022476203767156,1,1.3586161399802514,2.650044237131248,0.017433288221999882
191.86707476428182,1.2022476203767156,1,1.3460279258938126,2.782183934479016,0.017433288221999882
200.9797926102,1.2022476203767156,1,1.335130190121051,2.914323631826784,0.017433288221999882
210.0925104561182,1.2022476203767156,1,1.3256363022558246,3.0464633291745518,0.017433288221999882
219.20522830203635,1.2022476203767156,1,1.3173171023665733,3.1786030265223197,0.017433288221999882
228.31794614795456,1.2022476203767156,1,1.3099878220480499,3.310742723870088,0.017433288221999882
237.43066399387274,1.2022476203767156,1,1.303498291244357,3.442882421217856,0.017433288221999882
246.54338183979092,1.2022476203767156,0,1.2977255375125578,3.575022118565624,0.017433288221999882
255.65609968570908,1.2022476203767156,0,1.2925681434037437,3.707161815913392,0.017433288221999882
264.7688175316273,1.2022476203767156,0,1.28794190744561,3.83930151326116,0.017433288221999882
273.88153537754545,1.2022476203767156,0,1.2837764801488807,3.9714412106089285,0.017433288221999882
282.9942532234636,1.2022476203767156,0,1.2800127354355868,4.103580907956696,0.017433288221999882
292.1069710693818,1.2022476203767156,0,1.2766007012856935,4.235720605304464,0.017433288221999882
301.2196889153,1.2022476203767156,0,1.2734979189513016,4.3678603026522325,0.017433288221999882
310.3324067612181,1.2022476203767156,0,1.27066813308733,4.5,0.017433288221999882
0.5,1.7185664924600317,0,248.03796631963723,0.007250290175886264,0.024920211513780568
9.612717845918182,1.7185664924600317,1,12.940146084960102,0.13938998752365434,0.024920211513780568
18.725435691836363,1.7185664924600317,1,6.698623004106647,0.27152968487142237,0.024920211513780568
27.838153537754543,1.7185664924600317,1,4.568048493651563,0.4036693822191904,0.024920211513780568
36.95087138367273,1.7185664924600317,1,3.507400541932181,0.5358090795669586,0.024920211513780568
46.06358922959091,1.7185664924600317,1,2.8820402259010565,0.6679487769147266,0.024920211513780568
55.17630707550909,1.7185664924600317,1,2.476448797612641,0.8000884742624946,0.024920211513780568
64.28902492142727,1.7185664924600317,1,2.197095786034683,0.9322281716102627,0.024920211513780568
73.40174276734545,1.7185664924600317,1,1.9966696877033234,1.0643678689580307,0.024920211513780568
82.51446061326362,1.7185664924600317,1,1.8485558843832703,1.1965075663057987,0.024920211513780568
91.62717845918182,1.7185664924600317,1,1.7365787790065075,1.328647263653567,0.024920211513780568
100.73989630509999,1.7185664924600317,1,1.650330522585509,1.4607869610013349,0.024920211513780568
109.85261415101817,1.7185664924600317,1,1.5828278290411537,1.5929266583491029,0.024920211513780568
118.96533199693636,1.7185664924600317,1,1.5292382522361256,1.725066355696871,0.024920211513780568
128.07804984285454,1.7185664924600317,1,1.4861389848755178,1.857206053044639,0.024920211513780568
137.19076768877272,1.7185664924600317,1,1.4510607284004762,1.9893457503924072,0.024920211513780568
146.3034855346909,1.7185664924600317,1,1.4221945242533551,2.1214854477401754,0.024920211513780568
155.4162033806091,1.7185664924600317,1,1.3981971302793572,2.2536251450879434,0.024920211513780568
164.52892122652727,1.7185664924600317,1,1.3780587003347435,2.3857648424357114,0.024920211513780568
173.64163907244549,1.7185664924600317,1,1.3610111804931155,2.51790453978348,0.024920211513780568
182.75435691836364,1.7185664924600317,1,1.3464639641377194,2.650044237131248,0.024920211513780568
191.86707476428182,1.7185664924600317,1,1.3339581270628462,2.782183934479016,0.024920211513780568
200.9797926102,1.7185664924600317,1,1.3231335075836488,2.914323631826784,0.024920211513780568
210.0925104561182,1.7185664924600317,1,1.3137047738238483,3.0464633291745518,0.024920211513780568
219.20522830203635,1.7185664924600317,1,1.3054438470432042,3.1786030265223197,0.024920211513780568
228.31794614795456,1.7185664924600317,1,1.2981668657570198,3.310742723870088,0.024920211513780568
237.43066399387274,1.7185664924600317,1,1.2917244253943807,3.442882421217856,0.024920211513780568
246.54338183979092,1.7185664924600317,0,1.2859942031066276,3.575022118565624,0.024920211513780568
255.65609968570908,1.7185664924600317,0,1.2808753353399502,3.707161815913392,0.024920211513780568
264.7688175316273,1.7185664924600317,0,1.2762840949784584,3.83930151326116,0.024920211513780568
273.88153537754545,1.7185664924600317,0,1.272150540413537,3.9714412106089285,0.024920211513780568
282.9942532234636,1.7185664924600317,0,1.2684158976162268,4.103580907956696,0.024920211513780568
292.1069710693818,1.7185664924600317,0,1.265030499514968,4.235720605304464,0.024920211513780568
301.2196889153,1.7185664924600317,0,1.2619521524126134,4.3678603026522325,0.024920211513780568
310.3324067612181,1.7185664924600317,0,1.2591448320888727,4.5,0.024920211513780568
0.5,2.4566243583671454,0,245.86931137415334,0.007250290175886264,0.035622478902624426
9.612717845918182,2.4566243583671454,1,12.826384980414248,0.13938998752365434,0.035622478902624426
18.725435691836363,2.4566243583671454,1,6.638846476330676,0.27152968487142237,0.035622478902624426
27.838153537754543,2.4566243583671454,1,4.5263266930470785,0.4036693822191904,0.035622478902624426
36.95087138367273,2.4566243583671454,1,3.4744005162882323,0.5358090795669586,0.035622478902624426
46.06358922959091,2.4566243583671454,1,2.8539886244249404,0.6679487769147266,0.035622478902624426
55.17630707550909,2.4566243583671454,1,2.4514682183140626,0.8000884742624946,0.035622478902624426
64.28902492142727,2.4566243583671454,1,2.1741369327374733,0.9322281716102627,0.035622478902624426
73.40174276734545,2.4566243583671454,1,1.9751038421939364,1.0643678689580307,0.035622478902624426
82.51446061326362,2.4566243583671454,1,1.827989180267489,1.1965075663057987,0.035622478902624426
91.62717845918182,2.4566243583671454,1,1.7167561376303566,1.328647263653567,0.035622478902624426
100.73989630509999,2.4566243583671454,1,1.6310815595873573,1.4607869610013349,0.035622478902624426
109.85261415101817,2.4566243583671454,1,1.564034900430842,1.5929266583491029,0.035622478902624426
118.96533199693636,2.4566243583671454,1,1.5108171746147168,1.725066355696871,0.035622478902624426
128.07804984285454,2.4566243583671454,1,1.468027307916923,1.857206053044639,0.035622478902624426
137.19076768877272,2.4566243583671454,1,1.4332105531285009,1.9893457503924072,0.035622478902624426
146.3034855346909,2.4566243583671454,1,1.4045680487812466,2.1214854477401754,0.035622478902624426
155.4162033806091,2.4566243583671454,1,1.3807638260628754,2.2536251450879434,0.035622478902624426
164.52892122652727,2.4566243583671454,1,1.3607934662816699,2.3857648424357114,0.035622478902624426
173.64163907244549,2.4566243583671454,1,1.343893091301579,2.51790453978348,0.035622478902624426
182.75435691836364,2.4566243583671454,1,1.3294753883356385,2.650044237131248,0.035622478902624426
191.86707476428182,2.4566243583671454,1,1.3170840825627605,2.782183934479016,0.035622478902624426
200.9797926102,2.4566243583671454,1,1.3063611756454778,2.914323631826784,0.035622478902624426
210.0925104561182,2.4566243583671454,1,1.2970231228399849,3.0464633291745518,0.035622478902624426
219.20522830203635,2.4566243583671454,1,1.2888433352950852,3.1786030265223197,0.035622478902624426
228.31794614795456,2.4566243583671454,1,1.2816392028024255,3.310742723870088,0.035622478902624426
237.43066399387274,2.4566243583671454,1,1.2752623781489594,3.442882421217856,0.035622478902624426
246.54338183979092,2.4566243583671454,0,1.2695914367199526,3.575022118565624,0.035622478902624426
255.65609968570908,2.4566243583671454,0,1.2645262816075653,3.707161815913392,0.035622478902624426
264.7688175316273,2.4566243583671454,0,1.2599838428255428,3.83930151326116,0.035622478902624426
273.88153537754545,2.4566243583671454,0,1.2558947442484087,3.9714412106089285,0.035622478902624426
282.9942532234636,2.4566243583671454,0,1.252200700268418,4.103580907956696,0.035622478902624426
292.1069710693818,2.4566243583671454,0,1.2488524671554329,4.235720605304464,0.035622478902624426
301.2196889153,2.4566243583671454,0,1.2458082193732527,4.3678603026522325,0.035622478902624426
310.3324067612181,2.4566243583671454,0,1.2430322539006675,4.5,0.035622478902624426
0.5,3.5116495431515244,0,242.878564208808,0.007250290175886264,0.05092095636773397
9.612717845918182,3.5116495431515244,1,12.669499414562157,0.13938998752365434,0.05092095636773397
18.725435691836363,3.5116495431515244,1,6.556409188335746,0.27152968487142237,0.05092095636773397
27.838153537754543,3.5116495431515244,1,4.468786163471291,0.4036693822191904,0.05092095636773397
36.95087138367273,3.5116495431515244,1,3.4288839226032404,0.5358090795669586,0.05092095636773397
46.06358922959091,3.5116495431515244,1,2.8152899832291274,0.6679487769147266,0.05092095636773397
55.17630707550909,3.5116495431515244,1,2.416996274587469,0.8000884742624946,0.05092095636773397
64.28902492142727,3.5116495431515244,1,2.142442917890348,0.9322281716102627,0.05092095636773397
73.40174276734545,3.5116495431515244,1,1.9453197708645187,1.0643678689580307,0.05092095636773397
82.51446061326362,3.5116495431515244,1,1.7995718290636797,1.1965075663057987,0.05092095636773397
91.62717845918182,3.5116495431515244,1,1.6893544544991297,1.328647263653567,0.05092095636773397
100.73989630509999,3.5116495431515244,1,1.604461810754367,1.4607869610013349,0.05092095636773397
109.85261415101817,3.5116495431515244,1,1.5380363197504465,1.5929266583491029,0.05092095636773397
118.96533199693636,3.5116495431515244,1,1.485325146167048,1.725066355696871,0.05092095636773397
128.07804984285454,3.5116495431515244,1,1.442957049827578,1.857206053044639,0.05092095636773397
137.19076768877272,3.5116495431515244,1,1.4084971482554869,1.9893457503924072,0.05092095636773397
146.3034855346909,3.5116495431515244,1,1.3801602903138732,2.1214854477401754,0.05092095636773397
155.4162033806091,3.5116495431515244,1,1.3566203411993891,2.2536251450879434,0.05092095636773397
164.52892122652727,3.5116495431515244,1,1.336880200636089,2.3857648424357114,0.05092095636773397
173.64163907244549,3.5116495431515244,1,1.320181614823013,2.51790453978348,0.05092095636773397
182.75435691836364,3.5116495431515244,1,1.3059417081452718,2.650044237131248,0.05092095636773397
191.86707476428182,3.5116495431515244,1,1.2937077786085616,2.782183934479016,0.05092095636773397
200.9797926102,3.5116495431515244,1,1.2831247499106717,2.914323631826784,0.05092095636773397
210.0925104561182,3.5116495431515244,1,1.2739114956489175,3.0464633291745518,0.05092095636773397
219.20522830203635,3.5116495431515244,1,1.2658434469395814,3.1786030265223197,0.05092095636773397
228.31794614795456,3.5116495431515244,1,1.2587396931944521,3.310742723870088,0.05092095636773397
237.43066399387274,3.5116495431515244,1,1.2524533259340416,3.442882421217856,0.05092095636773397
246.54338183979092,3.5116495431515244,0,1.2468641447274957,3.575022118565624,0.05092095636773397
255.65609968570908,3.5116495431515244,0,1.2418730990394908,3.707161815913392,0.05092095636773397
264.7688175316273,3.5116495431515244,0,1.2373980169607706,3.83930151326116,0.05092095636773397
273.88153537754545,3.5116495431515244,0,1.2333702961039532,3.9714412106089285,0.05092095636773397
282.9942532234636,3.5116495431515244,0,1.229732319861882,4.103580907956696,0.05092095636773397
292.1069710693818,3.5116495431515244,0,1.2264354249102112,4.235720605304464,0.05092095636773397
301.2196889153,3.5116495431515244,0,1.2234382908906472,4.3678603026522325,0.05092095636773397
310.3324067612181,3.5116495431515244,0,1.2207056558526648,4.5,0.05092095636773397
0.5,5.019767255793583,0,238.81387451301816,0.007250290175886264,0.07278953843983153
9.612717845918182,5.019767255793583,1,12.45627872942843,0.13938998752365434,0.07278953843983153
18.725435691836363,5.019767255793583,1,6.4443694761945975,0.27152968487142237,0.07278953843983153
27.838153537754543,5.019767255793583,1,4.390579811944755,0.4036693822191904,0.07278953843983153
36.95087138367273,5.019767255793583,1,3.3670118408982823,0.5358090795669586,0.07278953843983153
46.06358922959091,5.019767255793583,1,2.762672358436183,0.6679487769147266,0.07278953843983153
55.17630707550909,5.019767255793583,1,2.370106978564562,0.8000884742624946,0.07278953843983153
64.28902492142727,5.019767255793583,1,2.0993093840890995,0.9322281716102627,0.07278953843983153
73.40174276734545,5.019767255793583,1,1.9047602373975818,1.0643678689580307,0.07278953843983153
82.51446061326362,5.019767255793583,1,1.7608476579049406,1.1965075663057987,0.07278953843983153
91.62717845918182,5.019767255793583,1,1.6519897625398772,1.328647263653567,0.07278953843983153
100.73989630509999,5.019767255793583,1,1.5681412616474606,1.4607869610013349,0.07278953843983153
109.85261415101817,5.019767255793583,1,1.5025442841026333,1.5929266583491029,0.07278953843983153
118.96533199693636,5.019767255793583,1,1.4505087822482956,1.725066355696871,0.07278953843983153
128.07804984285454,5.019767255793583,1,1.4087038229916093,1.857206053044639,0.07278953843983153
137.19076768877272,5.019767255793583,1,1.374721134545671,1.9893457503924072,0.07278953843983153
146.3034855346909,5.019767255793583,1,1.3467937772187328,2.1214854477401754,0.07278953843983153
155.4162033806091,5.019767255793583,1,1.323608588397043,2.2536251450879434,0.07278953843983153
164.52892122652727,5.019767255793583,1,1.3041780779645622,2.3857648424357114,0.07278953843983153
173.64163907244549,5.019767255793583,1,1.287751362904955,2.51790453978348,0.07278953843983153
182.75435691836364,5.019767255793583,1,1.2737513831927927,2.650044237131248,0.07278953843983153
191.86707476428182,5.019767255793583,1,1.2617301269758259,2.782183934479016,0.07278953843983153
200.9797926102,5.019767255793583,1,1.2513363632253873,2.914323631826784,0.07278953843983153
210.0925104561182,5.019767255793583,1,1.2422921571368828,3.0464633291745518,0.07278953843983153
219.20522830203635,5.019767255793583,1,1.2343756136367734,3.1786030265223197,0.07278953843983153
228.31794614795456,5.019767255793583,1,1.2274080784493018,3.310742723870088,0.07278953843983153
237.43066399387274,5.019767255793583,1,1.2212445582804246,3.442882421217856,0.07278953843983153
246.54338183979092,5.019767255793583,0,1.2157664863619813,3.575022118565624,0.07278953843983153
255.65609968570908,5.019767255793583,0,1.2108762116949092,3.707161815913392,0.07278953843983153
264.7688175316273,5.019767255793583,0,1.2064927659998652,3.83930151326116,0.07278953843983153
273.88153537754545,5.019767255793583,0,1.2025485857593603,3.9714412106089285,0.07278953843983153
282.9942532234636,5.019767255793583,0,1.1989869540630473,4.103580907956696,0.07278953843983153
292.1069710693818,5.019767255793583,0,1.195759989263962,4.235720605304464,0.07278953843983153
301.2196889153,5.019767255793583,0,1.1928270522413178,4.3678603026522325,0.07278953843983153
310.3324067612181,5.019767255793583,0,1.1901534765161705,4.5,0.07278953843983153
0.5,7.175563219706557,0,233.39955370367144,0.007250290175886264,0.10404983103657853
9.612717845918182,7.175563219706557,0,12.172263608346702,0.13938998752365434,0.10404983103657853
18.725435691836363,7.175563219706557,1,6.295131327819996,0.27152968487142237,0.10404983103657853
27.838153537754543,7.175563219706557,1,4.2864039521899056,0.4036693822191904,0.10404983103657853
36.95087138367273,7.175563219706557,1,3.2845815993795817,0.5358090795669586,0.10404983103657853
46.06358922959091,7.175563219706557,1,2.6925485597796115,0.6679487769147266,0.10404983103657853
55.17630707550909,7.175563219706557,1,2.3075839217203957,0.8000884742624946,0.10404983103657853
64.28902492142727,7.175563219706557,1,2.0417521056908536,0.9322281716102627,0.10404983103657853
73.40174276734545,7.175563219706557,1,1.8505898337669304,1.0643678689580307,0.10404983103657853
82.51446061326362,7.175563219706557,1,1.7090788520454143,1.1965075663057987,0.10404983103657853
91.62717845918182,7.175563219706557,1,1.6019904738294415,1.328647263653567,0.10404983103657853
100.73989630509999,7.175563219706557,1,1.5194956171289353,1.4607869610013349,0.10404983103657853
109.85261415101817,7.175563219706557,1,1.45497048289687,1.5929266583491029,0.10404983103657853
118.96533199693636,7.175563219706557,1,1.4038089484719332,1.725066355696871,0.10404983103657853
128.07804984285454,7.175563219706557,1,1.3627334016511756,1.857206053044639,0.10404983103657853
137.19076768877272,7.175563219706557,1,1.3293703065135853,1.9893457503924072,0.10404983103657853
146.3034855346909,7.175563219706557,1,1.3019761672095156,2.1214854477401754,0.10404983103657853
155.4162033806091,7.175563219706557,1,1.2792543230302795,2.2536251450879434,0.10404983103657853
164.52892122652727,7.175563219706557,1,1.2602294100534492,2.3857648424357114,0.10404983103657853
173.64163907244549,7.175563219706557,1,1.244159809753904,2.51790453978348,0.10404983103657853
182.75435691836364,7.175563219706557,1,1.2304757702144693,2.650044237131248,0.10404983103657853
191.86707476428182,7.175563219706557,1,1.2187351874724575,2.782183934479016,0.10404983103657853
200.9797926102,7.175563219706557,1,1.208591693278427,2.914323631826784,0.10404983103657853
210.0925104561182,7.175563219706557,1,1.199771407885667,3.0464633291745518,0.10404983103657853
219.20522830203635,7.175563219706557,1,1.1920558499853242,3.1786030265223197,0.10404983103657853
228.31794614795456,7.175563219706557,1,1.1852692596918408,3.310742723870088,0.10404983103657853
237.43066399387274,7.175563219706557,1,1.179269111393822,3.442882421217856,0.10404983103657853
246.54338183979092,7.175563219706557,0,1.173938951786931,3.575022118565624,0.10404983103657853
255.65609968570908,7.175563219706557,0,1.1691829470448507,3.707161815913392,0.10404983103657853
264.7688175316273,7.175563219706557,0,1.1649216967805536,3.83930151326116,0.10404983103657853
273.88153537754545,7.175563219706557,0,1.1610889946636305,3.9714412106089285,0.10404983103657853
282.9942532234636,7.175563219706557,0,1.1576293021743225,4.103580907956696,0.10404983103657853
292.1069710693818,7.175563219706557,0,1.154495763813564,4.235720605304464,0.10404983103657853
301.2196889153,7.175563219706557,0,1.1516486365676468,4.3678603026522325,0.10404983103657853
310.3324067612181,7.175563219706557,0,1.1490540386591808,4.5,0.10404983103657853
0.5,10.257190203505889,0,226.38163162381505,0.007250290175886264,0.14873521072935117
9.612717845918182,10.257190203505889,0,11.804139126581545,0.13938998752365434,0.14873521072935117
18.725435691836363,10.257190203505889,1,6.101706085243123,0.27152968487142237,0.14873521072935117
27.838153537754543,10.257190203505889,1,4.151382558399498,0.4036693822191904,0.14873521072935117
36.95087138367273,10.257190203505889,1,3.177728247212087,0.5358090795669586,0.14873521072935117
46.06358922959091,10.257190203505889,1,2.601612179062494,0.6679487769147266,0.14873521072935117
55.17630707550909,10.257190203505889,1,2.2264479222883438,0.8000884742624946,0.14873521072935117
64.28902492142727,10.257190203505889,1,1.9669857497789331,0.9322281716102627,0.14873521072935117
73.40174276734545,10.257190203505889,1,1.7801357607253654,1.0643678689580307,0.14873521072935117
82.51446061326362,10.257190203505889,1,1.6416553995093706,1.1965075663057987,0.14873521072935117
91.62717845918182,10.257190203505889,1,1.536780146006946,1.328647263653567,0.14873521072935117
100.73989630509999,10.257190203505889,1,1.4559661923349683,1.4607869610013349,0.14873521072935117
109.85261415101817,10.257190203505889,1,1.3927665146113082,1.5929266583491029,0.14873521072935117
118.96533199693636,10.257190203505889,1,1.342684802932761,1.725066355696871,0.14873521072935117
128.07804984285454,10.257190203505889,1,1.3025121576519003,1.857206053044639,0.14873521072935117
137.19076768877272,10.257190203505889,1,1.2699188578901168,1.9893457503924072,0.14873521072935117
146.3034855346909,10.257190203505889,1,1.2431902783451991,2.1214854477401754,0.14873521072935117
155.4162033806091,10.257190203505889,1,1.221049638974815,2.2536251450879434,0.14873521072935117
164.52892122652727,10.257190203505889,1,1.202535952722237,2.3857648424357114,0.14873521072935117
173.64163907244549,10.257190203505889,1,1.1869184927964007,2.51790453978348,0.14873521072935117
182.75435691836364,10.257190203505889,1,1.1736360864398483,2.650044237131248,0.14873521072935117
191.86707476428182,10.257190203505889,1,1.1622535904498101,2.782183934479016,0.14873521072935117
200.9797926102,10.257190203505889,1,1.1524304046261178,2.914323631826784,0.14873521072935117
210.0925104561182,10.257190203505889,1,1.1438974986502737,3.0464633291745518,0.14873521072935117
219.20522830203635,10.257190203505889,1,1.1364405087127873,3.1786030265223197,0.14873521072935117
228.31794614795456,10.257190203505889,1,1.1298871949544194,3.310742723870088,0.14873521072935117
237.43066399387274,10.257190203505889,1,1.124098055959344,3.442882421217856,0.14873521072935117
246.54338183979092,10.257190203505889,0,1.1189592465810685,3.575022118565624,0.14873521072935117
255.65609968570908,10.257190203505889,0,1.1143771894737464,3.707161815913392,0.14873521072935117
264.7688175316273,10.257190203505889,0,1.1102744419282908,3.83930151326116,0.14873521072935117
273.88153537754545,10.257190203505889,0,1.1065865004561577,3.9714412106089285,0.14873521072935117
282.9942532234636,10.257190203505889,0,1.1032593113913134,4.103580907956696,0.14873521072935117
292.1069710693818,10.257190203505889,0,1.100247317144238,4.235720605304464,0.14873521072935117
301.2196889153,10.257190203505889,0,1.097511911916344,4.3678603026522325,0.14873521072935117
310.3324067612181,10.257190203505889,0,1.095020212707718,4.5,0.14873521072935117
0.5,14.66225683608424,0,217.60998879154576,0.007250290175886264,0.21261123338996557
9.612717845918182,14.66225683608424,0,11.344050462884052,0.13938998752365434,0.21261123338996557
18.725435691836363,14.66225683608424,0,5.859990352109555,0.27152968487142237,0.21261123338996557
27.838153537754543,14.66225683608424,1,3.9826675408349446,0.4036693822191904,0.21261123338996557
36.95087138367273,14.66225683608424,1,3.0441994952366884,0.5358090795669586,0.21261123338996557
46.06358922959091,14.66225683608424,1,2.4879280604335334,0.6679487769147266,0.21261123338996557
55.17630707550909,14.66225683608424,1,2.124931019707982,0.8000884742624946,0.21261123338996557
64.28902492142727,14.66225683608424,1,1.8733170704279372,0.9322281716102627,0.21261123338996557
73.40174276734545,14.66225683608424,1,1.6917195422470477,1.0643678689580307,0.21261123338996557
82.51446061326362,14.66225683608424,1,1.5568761642320883,1.1965075663057987,0.21261123338996557
91.62717845918182,14.66225683608424,1,1.4546147137005183,1.328647263653567,0.21261123338996557
100.73989630509999,14.66225683608424,1,1.3757585300134845,1.4607869610013349,0.21261123338996557
109.85261415101817,14.66225683608424,1,1.3140886754496057,1.5929266583491029,0.21261123338996557
118.96533199693636,14.66225683608424,1,1.2652494023227003,1.725066355696871,0.21261123338996557
128.07804984285454,14.66225683608424,1,1.226117909767929,1.857206053044639,0.21261123338996557
137.19076768877272,14.66225683608424,1,1.1944175114618216,1.9893457503924072,0.21261123338996557
146.3034855346909,14.66225683608424,1,1.1684670310794099,2.1214854477401754,0.21261123338996557
155.4162033806091,14.66225683608424,1,1.1470117124432289,2.2536251450879434,0.21261123338996557
164.52892122652727,14.66225683608424,1,1.129105924688854,2.3857648424357114,0.21261123338996557
173.64163907244549,14.66225683608424,1,1.1140303233075286,2.51790453978348,0.21261123338996557
182.75435691836364,14.66225683608424,1,1.101232643729958,2.650044237131248,0.21261123338996557
191.86707476428182,14.66225683608424,1,1.0902850110184508,2.782183934479016,0.21261123338996557
200.9797926102,14.66225683608424,1,1.0808529260967141,2.914323631826784,0.21261123338996557
210.0925104561182,14.66225683608424,1,1.0726725722312138,3.0464633291745518,0.21261123338996557
219.20522830203635,14.66225683608424,1,1.065534088253591,3.1786030265223197,0.21261123338996557
228.31794614795456,14.66225683608424,1,1.0592691468439133,3.310742723870088,0.21261123338996557
237.43066399387274,14.66225683608424,1,1.0537416585042876,3.442882421217856,0.21261123338996557
246.54338183979092,14.66225683608424,0,1.0488407600187384,3.575022118565624,0.21261123338996557
255.65609968570908,14.66225683608424,0,1.0444754842438346,3.707161815913392,0.21261123338996557
264.7688175316273,14.66225683608424,0,1.0405706762785722,3.83930151326116,0.21261123338996557
273.88153537754545,14.66225683608424,0,1.0370638404127754,3.9714412106089285,0.21261123338996557
282.9942532234636,14.66225683608424,0,1.033902687346832,4.103580907956696,0.21261123338996557
292.1069710693818,14.66225683608424,0,1.031043212172783,4.235720605304464,0.21261123338996557
301.2196889153,14.66225683608424,0,1.028448177589275,4.3678603026522325,0.21261123338996557
310.3324067612181,14.66225683608424,0,1.0260859087359142,4.5,0.21261123338996557
0.5,20.95912928024078,0,207.15302400352087,0.007250290175886264,0.3039195382313198
9.612717845918182,20.95912928024078,0,10.795631157346834,0.13938998752365434,0.3039195382313198
18.725435691836363,20.95912928024078,0,5.571953030062432,0.27152968487142237,0.3039195382313198
27.838153537754543,20.95912928024078,1,3.7816854653796725,0.4036693822191904,0.3039195382313198
36.95087138367273,20.95912928024078,1,2.885156642755332,0.5358090795669586,0.3039195382313198
46.06358922959091,20.95912928024078,1,2.352487101920074,0.6679487769147266,0.3039195382313198
55.17630707550909,20.95912928024078,1,2.003882678332139,0.8000884742624946,0.3039195382313198
64.28902492142727,20.95912928024078,1,1.7614535852577253,0.9322281716102627,0.3039195382313198
73.40174276734545,20.95912928024078,1,1.5858943445702134,1.0643678689580307,0.3039195382313198
82.51446061326362,20.95912928024078,1,1.455127046423666,1.1965075663057987,0.3039195382313198
91.62717845918182,20.95912928024078,1,1.3557066696335256,1.328647263653567,0.3039195382313198
100.73989630509999,20.95912928024078,1,1.2789153866599574,1.4607869610013349,0.3039195382313198
109.85261415101817,20.95912928024078,1,1.2188227252587684,1.5929266583491029,0.3039195382313198
118.96533199693636,20.95912928024078,1,1.1712503063207262,1.725066355696871,0.3039195382313198
128.07804984285454,20.95912928024078,1,1.1331813537128215,1.857206053044639,0.3039195382313198
137.19076768877272,20.95912928024078,1,1.1024011389543902,1.9893457503924072,0.3039195382313198
146.3034855346909,20.95912928024078,1,1.0772644715596476,2.1214854477401754,0.3039195382313198
155.4162033806091,20.95912928024078,1,1.0565379497006158,2.2536251450879434,0.3039195382313198
164.52892122652727,20.95912928024078,1,1.0392893557270027,2.3857648424357114,0.3039195382313198
173.64163907244549,20.95912928024078,1,1.024808546774791,2.51790453978348,0.3039195382313198
182.75435691836364,20.95912928024078,1,1.0125502229497436,2.650044237131248,0.3039195382313198
191.86707476428182,20.95912928024078,1,1.0020922340823841,2.782183934479016,0.3039195382313198
200.9797926102,20.95912928024078,1,0.9931050479511478,2.914323631826784,0.3039195382313198
210.0925104561182,20.95912928024078,1,0.9853292816444111,3.0464633291745518,0.3039195382313198
219.20522830203635,20.95912928024078,1,0.9785590787488976,3.1786030265223197,0.3039195382313198
228.31794614795456,20.95912928024078,1,0.97262973891475,3.310742723870088,0.3039195382313198
237.43066399387274,20.95912928024078,1,0.9674084526486039,3.442882421217856,0.3039195382313198
246.54338183979092,20.95912928024078,0,0.9627873141730888,3.575022118565624,0.3039195382313198
255.65609968570908,20.95912928024078,0,0.9586780145332545,3.707161815913392,0.3039195382313198
264.7688175316273,20.95912928024078,0,0.9550077814478953,3.83930151326116,0.3039195382313198
273.88153537754545,20.95912928024078,0,0.9517162502111505,3.9714412106089285,0.3039195382313198
282.9942532234636,20.95912928024078,0,0.9487530345747905,4.103580907956696,0.3039195382313198
292.1069710693818,20.95912928024078,0,0.9460758275202703,4.235720605304464,0.3039195382313198
301.2196889153,20.95912928024078,0,0.9436489059499765,4.3678603026522325,0.3039195382313198
310.3324067612181,20.95912928024078,0,0.9414419454058619,4.5,0.3039195382313198
0.5,29.960264991727136,0,195.4101549804521,0.007250290175886264,0.4344412298729369
9.612717845918182,29.960264991727136,0,10.179920377666996,0.13938998752365434,0.4344412298729369
18.725435691836363,29.960264991727136,0,5.248769905125791,0.27152968487142237,0.4344412298729369
27.838153537754543,29.960264991727136,0,3.556358503231649,0.4036693822191904,0.4344412298729369
36.95087138367273,29.960264991727136,1,2.706973146420495,0.5358090795669586,0.4344412298729369
46.06358922959091,29.960264991727136,1,2.2007860104460955,0.6679487769147266,0.4344412298729369
55.17630707550909,29.960264991727136,1,1.8682344607133785,0.8000884742624946,0.4344412298729369
64.28902492142727,29.960264991727136,1,1.63590953418924,0.9322281716102627,0.4344412298729369
73.40174276734545,29.960264991727136,1,1.4668198191559207,1.0643678689580307,0.4344412298729369
82.51446061326362,29.960264991727136,1,1.3402326204427137,1.1965075663057987,0.4344412298729369
91.62717845918182,29.960264991727136,1,1.2435490335427897,1.328647263653567,0.4344412298729369
100.73989630509999,29.960264991727136,1,1.168603349655557,1.4607869610013349,0.4344412298729369
109.85261415101817,29.960264991727136,1,1.1098241276056668,1.5929266583491029,0.4344412298729369
118.96533199693636,29.960264991727136,1,1.0632583778703368,1.725066355696871,0.4344412298729369
128.07804984285454,29.960264991727136,1,1.0260229899681996,1.857206053044639,0.4344412298729369
137.19076768877272,29.960264991727136,1,0.9959770160693663,1.9893457503924072,0.4344412298729369
146.3034855346909,29.960264991727136,1,0.9715126564117849,2.1214854477401754,0.4344412298729369
155.4162033806091,29.960264991727136,1,0.9514135692759771,2.2536251450879434,0.4344412298729369
164.52892122652727,29.960264991727136,1,0.9347543082059042,2.3857648424357114,0.4344412298729369
173.64163907244549,29.960264991727136,1,0.92082694901417,2.51790453978348,0.4344412298729369
182.75435691836364,29.960264991727136,1,0.9090868370083012,2.650044237131248,0.4344412298729369
191.86707476428182,29.960264991727136,1,0.8991122684714338,2.782183934479016,0.4344412298729369
200.9797926102,29.960264991727136,1,0.8905744801320642,2.914323631826784,0.4344412298729369
210.0925104561182,29.960264991727136,1,0.8832152903579585,3.0464633291745518,0.4344412298729369
219.20522830203635,29.960264991727136,1,0.8768304139996472,3.1786030265223197,0.4344412298729369
228.31794614795456,29.960264991727136,1,0.8712569765568104,3.310742723870088,0.4344412298729369
237.43066399387274,29.960264991727136,1,0.8663641339327145,3.442882421217856,0.4344412298729369
246.54338183979092,29.960264991727136,0,0.862045990572033,3.575022118565624,0.4344412298729369
255.65609968570908,29.960264991727136,0,0.8582162224119418,3.707161815913392,0.4344412298729369
264.7688175316273,29.960264991727136,0,0.8548039688601752,3.83930151326116,0.4344412298729369
273.88153537754545,29.960264991727136,0,0.8517506737298524,3.9714412106089285,0.4344412298729369
282.9942532234636,29.960264991727136,0,0.8490076395673943,4.103580907956696,0.4344412298729369
292.1069710693818,29.960264991727136,0,0.8465341214210267,4.235720605304464,0.4344412298729369
301.2196889153,29.960264991727136,0,0.8442958310351537,4.3678603026522325,0.4344412298729369
310.3324067612181,29.960264991727136,0,0.8422637553001717,4.5,0.4344412298729369
0.5,42.82704049259997,0,183.14958240198774,0.007250290175886264,0.6210169418915616
9.612717845918182,42.82704049259997,0,9.537344537547053,0.13938998752365434,0.6210169418915616
18.725435691836363,42.82704049259997,0,4.911870697111378,0.27152968487142237,0.6210169418915616
27.838153537754543,42.82704049259997,0,3.3218525042278433,0.4036693822191904,0.6210169418915616
36.95087138367273,42.82704049259997,0,2.5218618331589497,0.5358090795669586,0.6210169418915616
46.06358922959091,42.82704049259997,1,2.0434206447865018,0.6679487769147266,0.6210169418915616
55.17630707550909,42.82704049259997,1,1.7276174715676098,0.8000884742624946,0.6210169418915616
64.28902492142727,42.82704049259997,1,1.505690450214468,0.9322281716102627,0.6210169418915616
73.40174276734545,42.82704049259997,1,1.3430416587868799,1.0643678689580307,0.6210169418915616
82.51446061326362,42.82704049259997,1,1.220338895885767,1.1965075663057987,0.6210169418915616
91.62717845918182,42.82704049259997,1,1.1258877979659365,1.328647263653567,0.6210169418915616
100.73989630509999,42.82704049259997,1,1.0521439626522129,1.4607869610013349,0.6210169418915616
109.85261415101817,42.82704049259997,1,0.9939691804994543,1.5929266583491029,0.6210169418915616
118.96533199693636,42.82704049259997,1,0.9477032597477717,1.725066355696871,0.6210169418915616
128.07804984285454,42.82704049259997,1,0.9106472759917893,1.857206053044639,0.6210169418915616
137.19076768877272,42.82704049259997,1,0.8807637958711612,1.9893457503924072,0.6210169418915616
146.3034855346909,42.82704049259997,1,0.8564935169648061,2.1214854477401754,0.6210169418915616
155.4162033806091,42.82704049259997,1,0.836635022175439,2.2536251450879434,0.6210169418915616
164.52892122652727,42.82704049259997,1,0.820259988988911,2.3857648424357114,0.6210169418915616
173.64163907244549,42.82704049259997,1,0.8066500217544952,2.51790453978348,0.6210169418915616
182.75435691836364,42.82704049259997,1,0.7952482056508564,2.650044237131248,0.6210169418915616
191.86707476428182,42.82704049259997,1,0.7856216290467565,2.782183934479016,0.6210169418915616
200.9797926102,42.82704049259997,1,0.7774324561240137,2.914323631826784,0.6210169418915616
210.0925104561182,42.82704049259997,1,0.7704157307356128,3.0464633291745518,0.6210169418915616
219.20522830203635,42.82704049259997,1,0.7643624411603044,3.1786030265223197,0.6210169418915616
228.31794614795456,42.82704049259997,1,0.759106647306869,3.310742723870088,0.6210169418915616
237.43066399387274,42.82704049259997,1,0.7545157102825624,3.442882421217856,0.6210169418915616
246.54338183979092,42.82704049259997,0,0.7504828718964887,3.575022118565624,0.6210169418915616
255.65609968570908,42.82704049259997,0,0.7469216054356907,3.707161815913392,0.6210169418915616
264.7688175316273,42.82704049259997,0,0.7437612988336441,3.83930151326116,0.6210169418915616
273.88153537754545,42.82704049259997,0,0.740943940396853,3.9714412106089285,0.6210169418915616
282.9942532234636,42.82704049259997,0,0.738421560489729,4.103580907956696,0.6210169418915616
292.1069710693818,42.82704049259997,0,0.7361542451930068,4.235720605304464,0.6210169418915616
301.2196889153,42.82704049259997,0,0.7341085846322454,4.3678603026522325,0.6210169418915616
310.3324067612181,42.82704049259997,0,0.7322564533056257,4.5,0.6210169418915616
0.5,61.21959862041477,0,171.39202695819014,0.007250290175886264,0.887719708898587
9.612717845918182,61.21959862041477,0,8.921569713495392,0.13938998752365434,0.887719708898587
18.725435691836363,61.21959862041477,0,4.589642276418078,0.27152968487142237,0.887719708898587
27.838153537754543,61.21959862041477,0,3.098212124056441,0.4036693822191904,0.887719708898587
36.95087138367273,61.21959862041477,0,2.34595576586314,0.5358090795669586,0.887719708898587
46.06358922959091,61.21959862041477,0,1.8944351950546814,0.6679487769147266,0.887719708898587
55.17630707550909,61.21959862041477,1,1.5949187934900002,0.8000884742624946,0.887719708898587
64.28902492142727,61.21959862041477,1,1.3830565931547938,0.9322281716102627,0.887719708898587
73.40174276734545,61.21959862041477,1,1.226496088581937,1.0643678689580307,0.887719708898587
82.51446061326362,61.21959862041477,1,1.1072033709475997,1.1965075663057987,0.887719708898587
91.62717845918182,61.21959862041477,1,1.014326511817344,1.328647263653567,0.887719708898587
100.73989630509999,61.21959862041477,1,0.9409251642658297,1.4607869610013349,0.887719708898587
109.85261415101817,61.21959862041477,1,0.8823230200886484,1.5929266583491029,0.887719708898587
118.96533199693636,61.21959862041477,1,0.8352172558428383,1.725066355696871,0.887719708898587
128.07804984285454,61.21959862041477,1,0.7971738003359253,1.857206053044639,0.887719708898587
137.19076768877272,61.21959862041477,1,0.766333953094538,1.9893457503924072,0.887719708898587
146.3034855346909,61.21959862041477,1,0.7412417993416887,2.1214854477401754,0.887719708898587
155.4162033806091,61.21959862041477,1,0.7207405842932766,2.2536251450879434,0.887719708898587
164.52892122652727,61.21959862041477,1,0.7039068869368742,2.3857648424357114,0.887719708898587
173.64163907244549,61.21959862041477,1,0.6900045335438519,2.51790453978348,0.887719708898587
182.75435691836364,61.21959862041477,1,0.6784489080196028,2.650044237131248,0.887719708898587
191.86707476428182,61.21959862041477,1,0.6687775574254828,2.782183934479016,0.887719708898587
200.9797926102,61.21959862041477,1,0.6606255739858719,2.914323631826784,0.887719708898587
210.0925104561182,61.21959862041477,1,0.6537051777910576,3.0464633291745518,0.887719708898587
219.20522830203635,61.21959862041477,1,0.6477891017434522,3.1786030265223197,0.887719708898587
228.31794614795456,61.21959862041477,1,0.6426973234108594,3.310742723870088,0.887719708898587
237.43066399387274,61.21959862041477,1,0.6382866286995882,3.442882421217856,0.887719708898587
246.54338183979092,61.21959862041477,0,0.6344424894836304,3.575022118565624,0.887719708898587
255.65609968570908,61.21959862041477,0,0.6310727826567667,3.707161815913392,0.887719708898587
264.7688175316273,61.21959862041477,0,0.6281029476717647,3.83930151326116,0.887719708898587
273.88153537754545,61.21959862041477,0,0.6254722543342142,3.9714412106089285,0.887719708898587
282.9942532234636,61.21959862041477,0,0.6231309214740521,4.103580907956696,0.887719708898587
292.1069710693818,61.21959862041477,0,0.6210378855358992,4.235720605304464,0.887719708898587
301.2196889153,61.21959862041477,0,0.6191590652934185,4.3678603026522325,0.887719708898587
310.3324067612181,61.21959862041477,0,0.6174660058138215,4.5,0.887719708898587
0.5,87.5110493776069,0,161.13229899843554,0.007250290175886264,1.2689610031679222
9.612717845918182,87.5110493776069,0,8.384788280510033,0.13938998752365434,1.2689610031679222
18.725435691836363,87.5110493776069,0,4.309537964077443,0.27152968487142237,1.2689610031679222
27.838153537754543,87.5110493776069,0,2.9046694572435707,0.4036693822191904,1.2689610031679222
36.95087138367273,87.5110493776069,0,2.194604860149469,0.5358090795669586,1.2689610031679222
46.06358922959091,87.5110493776069,0,1.7671112387971237,0.6679487769147266,1.2689610031679222
55.17630707550909,87.5110493776069,0,1.482321955613055,0.8000884742624946,1.2689610031679222
64.28902492142727,87.5110493776069,1,1.2797054875117613,0.9322281716102627,1.2689610031679222
73.40174276734545,87.5110493776069,1,1.1288214210091998,1.0643678689580307,1.2689610031679222
82.51446061326362,87.5110493776069,1,1.012706167432422,1.1965075663057987,1.2689610031679222
91.62717845918182,87.5110493776069,1,0.9211712833488757,1.328647263653567,1.2689610031679222
100.73989630509999,87.5110493776069,1,0.8477364392670236,1.4607869610013349,1.2689610031679222
109.85261415101817,87.5110493776069,1,0.7880850884970058,1.5929266583491029,1.2689610031679222
118.96533199693636,87.5110493776069,1,0.7392252248015442,1.725066355696871,1.2689610031679222
128.07804984285454,87.5110493776069,1,0.6990038034465814,1.857206053044639,1.2689610031679222
137.19076768877272,87.5110493776069,1,0.6658116864888222,1.9893457503924072,1.2689610031679222
146.3034855346909,87.5110493776069,1,0.6383990980397026,2.1214854477401754,1.2689610031679222
155.4162033806091,87.5110493776069,1,0.6157602196759693,2.2536251450879434,1.2689610031679222
164.52892122652727,87.5110493776069,1,0.5970633077776842,2.3857648424357114,1.2689610031679222
173.64163907244549,87.5110493776069,1,0.5816104072321054,2.51790453978348,1.2689610031679222
182.75435691836364,87.5110493776069,1,0.5688145126346896,2.650044237131248,1.2689610031679222
191.86707476428182,87.5110493776069,1,0.5581852086407032,2.782183934479016,1.2689610031679222
200.9797926102,87.5110493776069,1,0.5493172475032915,2.914323631826784,1.2689610031679222
210.0925104561182,87.5110493776069,1,0.5418795800037411,3.0464633291745518,1.2689610031679222
219.20522830203635,87.5110493776069,1,0.5356043638562967,3.1786030265223197,1.2689610031679222
228.31794614795456,87.5110493776069,1,0.5302763565179449,3.310742723870088,1.2689610031679222
237.43066399387274,87.5110493776069,1,0.5257232305763593,3.442882421217856,1.2689610031679222
246.54338183979092,87.5110493776069,1,0.5218071585543681,3.575022118565624,1.2689610031679222
255.65609968570908,87.5110493776069,0,0.5184177751847948,3.707161815913392,1.2689610031679222
264.7688175316273,87.5110493776069,0,0.5154664514139029,3.83930151326116,1.2689610031679222
273.88153537754545,87.5110493776069,0,0.5128817220634397,3.9714412106089285,1.2689610031679222
282.9942532234636,87.5110493776069,0,0.5106056780658932,4.103580907956696,1.2689610031679222
292.1069710693818,87.5110493776069,0,0.5085911392688078,4.235720605304464,1.2689610031679222
301.2196889153,87.5110493776069,0,0.5067994458496835,4.3678603026522325,1.2689610031679222
310.3324067612181,87.5110493776069,0,0.5051987337031888,4.5,1.2689610031679222
0.5,125.09366176432594,0,153.023722299341,0.007250290175886264,1.813930693911063
9.612717845918182,125.09366176432594,0,7.961082576380716,0.13938998752365434,1.813930693911063
18.725435691836363,125.09366176432594,0,4.089205978345782,0.27152968487142237,1.813930693911063
27.838153537754543,125.09366176432594,0,2.753282804494157,0.4036693822191904,1.813930693911063
36.95087138367273,125.09366176432594,0,2.077124401309179,0.5358090795669586,1.813930693911063
46.06358922959091,125.09366176432594,0,1.6692149868049286,0.6679487769147266,1.813930693911063
55.17630707550909,125.09366176432594,0,1.3966971699511943,0.8000884742624946,1.813930693911063
64.28902492142727,125.09366176432594,1,1.2020544030208307,0.9322281716102627,1.813930693911063
73.40174276734545,125.09366176432594,1,1.0563454155518905,1.0643678689580307,1.813930693911063
82.51446061326362,125.09366176432594,1,0.9434271076375286,1.1965075663057987,1.813930693911063
91.62717845918182,125.09366176432594,1,0.8535923227930498,1.328647263653567,1.813930693911063
100.73989630509999,125.09366176432594,1,0.7806608592994317,1.4607869610013349,1.813930693911063
109.85261415101817,125.09366176432594,1,0.7205183129693392,1.5929266583491029,1.813930693911063
118.96533199693636,125.09366176432594,1,0.6703261018878072,1.725066355696871,1.813930693911063
128.07804984285454,125.09366176432594,1,0.6280678903734418,1.857206053044639,1.813930693911063
137.19076768877272,125.09366176432594,1,0.5922753084863783,1.9893457503924072,1.813930693911063
146.3034855346909,125.09366176432594,1,0.5618539844774231,2.1214854477401754,1.813930693911063
155.4162033806091,125.09366176432594,1,0.5359679994610091,2.2536251450879434,1.813930693911063
164.52892122652727,125.09366176432594,1,0.5139598656119444,2.3857648424357114,1.813930693911063
173.64163907244549,125.09366176432594,1,0.4952936462884996,2.51790453978348,1.813930693911063
182.75435691836364,125.09366176432594,1,0.47951493311099336,2.650044237131248,1.813930693911063
191.86707476428182,125.09366176432594,1,0.4662245892668434,2.782183934479016,1.813930693911063
200.9797926102,125.09366176432594,1,0.455064073111549,2.914323631826784,1.813930693911063
210.0925104561182,125.09366176432594,1,0.4457095747033418,3.0464633291745518,1.813930693911063
219.20522830203635,125.09366176432594,1,0.4378713992724065,3.1786030265223197,1.813930693911063
228.31794614795456,125.09366176432594,1,0.4312950899010417,3.310742723870088,1.813930693911063
237.43066399387274,125.09366176432594,1,0.4257618496525274,3.442882421217856,1.813930693911063
246.54338183979092,125.09366176432594,1,0.4210872592143952,3.575022118565624,1.813930693911063
255.65609968570908,125.09366176432594,0,0.4171183916361528,3.707161815913392,1.813930693911063
264.7688175316273,125.09366176432594,0,0.4137299387169642,3.83930151326116,1.813930693911063
273.88153537754545,125.09366176432594,0,0.4108200102350554,3.9714412106089285,1.813930693911063
282.9942532234636,125.09366176432594,0,0.4083060923214937,4.103580907956696,1.813930693911063
292.1069710693818,125.09366176432594,0,0.40612143795724287,4.235720605304464,1.813930693911063
301.2196889153,125.09366176432594,0,0.40421199501925487,4.3678603026522325,1.813930693911063
310.3324067612181,125.09366176432594,0,0.4025338727235155,4.5,1.813930693911063
0.5,178.81655316559173,0,147.2249332247578,0.007250290175886264,2.592943797404667
9.612717845918182,178.81655316559173,0,7.658455865911966,0.13938998752365434,2.592943797404667
18.725435691836363,178.81655316559173,0,3.932393578345338,0.27152968487142237,2.592943797404667
27.838153537754543,178.81655316559173,0,2.646164981587448,0.4036693822191904,2.592943797404667
36.95087138367273,178.81655316559173,0,1.994667409126999,0.5358090795669586,2.592943797404667
46.06358922959091,178.81655316559173,0,1.60120951015759,0.6679487769147266,2.592943797404667
55.17630707550909,178.81655316559173,0,1.3379555295803838,0.8000884742624946,2.592943797404667
64.28902492142727,178.81655316559173,0,1.149554130830424,0.9322281716102627,2.592943797404667
73.40174276734545,178.81655316559173,1,1.008144624388953,1.0643678689580307,2.592943797404667
82.51446061326362,178.81655316559173,1,0.8981773684785165,1.1965075663057987,2.592943797404667
91.62717845918182,178.81655316559173,1,0.8102923279274998,1.328647263653567,2.592943797404667
100.73989630509999,178.81655316559173,1,0.7385201458773369,1.4607869610013349,2.592943797404667
109.85261415101817,178.81655316559173,1,0.6788764466906483,1.5929266583491029,2.592943797404667
118.96533199693636,178.81655316559173,1,0.6286023475228035,1.725066355696871,2.592943797404667
128.07804984285454,178.81655316559173,1,0.5857293525394806,1.857206053044639,2.592943797404667
137.19076768877272,178.81655316559173,1,0.5488178056283103,1.9893457503924072,2.592943797404667
146.3034855346909,178.81655316559173,1,0.5167932105040051,2.1214854477401754,2.592943797404667
155.4162033806091,178.81655316559173,1,0.4888401973168286,2.2536251450879434,2.592943797404667
164.52892122652727,178.81655316559173,1,0.4643316814222561,2.3857648424357114,2.592943797404667
173.64163907244549,178.81655316559173,1,0.44278010482493096,2.51790453978348,2.592943797404667
182.75435691836364,178.81655316559173,1,0.4238027701857404,2.650044237131248,2.592943797404667
191.86707476428182,178.81655316559173,1,0.4070961919998283,2.782183934479016,2.592943797404667
200.9797926102,178.81655316559173,1,0.3924161465252298,2.914323631826784,2.592943797404667
210.0925104561182,178.81655316559173,1,0.37956129595238286,3.0464633291745518,2.592943797404667
219.20522830203635,178.81655316559173,1,0.3683592461563638,3.1786030265223197,2.592943797404667
228.31794614795456,178.81655316559173,1,0.35865481772621705,3.310742723870088,2.592943797404667
237.43066399387274,178.81655316559173,1,0.35030106480491513,3.442882421217856,2.592943797404667
246.54338183979092,178.81655316559173,1,0.34315385667049375,3.575022118565624,2.592943797404667
255.65609968570908,178.81655316559173,0,0.3370703979383767,3.707161815913392,2.592943797404667
264.7688175316273,178.81655316559173,0,0.3319110865967298,3.83930151326116,2.592943797404667
273.88153537754545,178.81655316559173,0,0.32754321977502093,3.9714412106089285,2.592943797404667
282.9942532234636,178.81655316559173,0,0.3238448320563339,4.103580907956696,2.592943797404667
292.1069710693818,178.81655316559173,0,0.3207074354636739,4.235720605304464,2.592943797404667
301.2196889153,178.81655316559173,0,0.3180372034043847,4.3678603026522325,2.592943797404667
310.3324067612181,178.81655316559173,0,0.3157547587651096,4.5,2.592943797404667
0.5,255.61134940844474,0,143.43965804129263,0.007250290175886264,3.7065129109221564
9.612717845918182,255.61134940844474,0,7.461150415538045,0.13938998752365434,3.7065129109221564
18.725435691836363,255.61134940844474,0,3.8305035922109743,0.27152968487142237,3.7065129109221564
27.838153537754543,255.61134940844474,0,2.5769533329231313,0.4036693822191904,3.7065129109221564
36.95087138367273,255.61134940844474,0,1.9418036422238636,0.5358090795669586,3.7065129109221564
46.06358922959091,255.61134940844474,0,1.5580441725593825,0.6679487769147266,3.7065129109221564
55.17630707550909,255.61134940844474,0,1.30112161929941,0.8000884742624946,3.7065129109221564
64.28902492142727,255.61134940844474,0,1.1171030925739582,0.9322281716102627,3.7065129109221564
73.40174276734545,255.61134940844474,0,0.9788390865841112,1.0643678689580307,3.7065129109221564
82.51446061326362,255.61134940844474,1,0.8711740671520036,1.1965075663057987,3.7065129109221564
91.62717845918182,255.61134940844474,1,0.7849823063489956,1.328647263653567,3.7065129109221564
100.73989630509999,255.61134940844474,1,0.7144407775597632,1.4607869610013349,3.7065129109221564
109.85261415101817,255.61134940844474,1,0.6556594266063378,1.5929266583491029,3.7065129109221564
118.96533199693636,255.61134940844474,1,0.6059410021837711,1.725066355696871,3.7065129109221564
128.07804984285454,255.61134940844474,1,0.563356899202148,1.857206053044639,3.7065129109221564
137.19076768877272,255.61134940844474,1,0.5264920794154647,1.9893457503924072,3.7065129109221564
146.3034855346909,255.61134940844474,1,0.4942853419380123,2.1214854477401754,3.7065129109221564
155.4162033806091,255.61134940844474,1,0.4659257897832276,2.2536251450879434,3.7065129109221564
164.52892122652727,255.61134940844474,1,0.4407836847076474,2.3857648424357114,3.7065129109221564
173.64163907244549,255.61134940844474,1,0.41836305586357625,2.51790453978348,3.7065129109221564
182.75435691836364,255.61134940844474,1,0.39826850551684895,2.650044237131248,3.7065129109221564
191.86707476428182,255.61134940844474,1,0.3801815570041798,2.782183934479016,3.7065129109221564
200.9797926102,255.61134940844474,1,0.36384356919609895,2.914323631826784,3.7065129109221564
210.0925104561182,255.61134940844474,1,0.3490432308775938,3.0464633291745518,3.7065129109221564
219.20522830203635,255.61134940844474,1,0.3356072699405222,3.1786030265223197,3.7065129109221564
228.31794614795456,255.61134940844474,1,0.32339343194452014,3.310742723870088,3.7065129109221564
237.43066399387274,255.61134940844474,1,0.3122850639570202,3.442882421217856,3.7065129109221564
246.54338183979092,255.61134940844474,1,0.3021868123458176,3.575022118565624,3.7065129109221564
255.65609968570908,255.61134940844474,0,0.29302103665053364,3.707161815913392,3.7065129109221564
264.7688175316273,255.61134940844474,0,0.2847245874982589,3.83930151326116,3.7065129109221564
273.88153537754545,255.61134940844474,0,0.27724563019749654,3.9714412106089285,3.7065129109221564
282.9942532234636,255.61134940844474,0,0.2705402624964026,4.103580907956696,3.7065129109221564
292.1069710693818,255.61134940844474,0,0.26456882796501663,4.235720605304464,3.7065129109221564
301.2196889153,255.61134940844474,0,0.25929209646068785,4.3678603026522325,3.7065129109221564
310.3324067612181,255.61134940844474,0,0.25466781908091696,4.5,3.7065129109221564
0.5,365.38654162459466,0,141.0708207485222,0.007250290175886264,5.298316906283713
9.612717845918182,365.38654162459466,0,7.337790092812236,0.13938998752365434,5.298316906283713
18.725435691836363,365.38654162459466,0,3.7669648271421616,0.27152968487142237,5.298316906283713
27.838153537754543,365.38654162459466,0,2.5339782288190364,0.4036693822191904,5.298316906283713
36.95087138367273,365.38654162459466,0,1.9091775179189545,0.5358090795669586,5.298316906283713
46.06358922959091,365.38654162459466,0,1.5316125753154035,0.6679487769147266,5.298316906283713
55.17630707550909,365.38654162459466,0,1.2787862236724528,0.8000884742624946,5.298316906283713
64.28902492142727,365.38654162459466,0,1.097655372990491,0.9322281716102627,5.298316906283713
73.40174276734545,365.38654162459466,0,0.9615179148972034,1.0643678689580307,5.298316906283713
82.51446061326362,365.38654162459466,1,0.8554675247297281,1.1965075663057987,5.298316906283713
91.62717845918182,365.38654162459466,1,0.7705279605621896,1.328647263653567,5.298316906283713
100.73989630509999,365.38654162459466,1,0.7009709568411683,1.4607869610013349,5.298316906283713
109.85261415101817,365.38654162459466,1,0.6429690686248339,1.5929266583491029,5.298316906283713
118.96533199693636,365.38654162459466,1,0.5938676682036315,1.725066355696871,5.298316906283713
128.07804984285454,365.38654162459466,1,0.551767726694508,1.857206053044639,5.298316906283713
137.19076768877272,365.38654162459466,1,0.5152748764836124,1.9893457503924072,5.298316906283713
146.3034855346909,365.38654162459466,1,0.483342255602947,2.1214854477401754,5.298316906283713
155.4162033806091,365.38654162459466,1,0.455168642594973,2.2536251450879434,5.298316906283713
164.52892122652727,365.38654162459466,1,0.43013044585987137,2.3857648424357114,5.298316906283713
173.64163907244549,365.38654162459466,1,0.40773511133623835,2.51790453978348,5.298316906283713
182.75435691836364,365.38654162459466,1,0.38758847343115843,2.650044237131248,5.298316906283713
191.86707476428182,365.38654162459466,1,0.36937141464293927,2.782183934479016,5.298316906283713
200.9797926102,365.38654162459466,1,0.3528228808378033,2.914323631826784,5.298316906283713
210.0925104561182,365.38654162459466,1,0.33772732443335673,3.0464633291745518,5.298316906283713
219.20522830203635,365.38654162459466,1,0.32390528969620797,3.1786030265223197,5.298316906283713
228.31794614795456,365.38654162459466,1,0.31120626606742263,3.310742723870088,5.298316906283713
237.43066399387274,365.38654162459466,1,0.29950320527919017,3.442882421217856,5.298316906283713
246.54338183979092,365.38654162459466,1,0.2886882781780932,3.575022118565624,5.298316906283713
255.65609968570908,365.38654162459466,0,0.27866956846831414,3.707161815913392,5.298316906283713
264.7688175316273,365.38654162459466,0,0.2693684803081261,3.83930151326116,5.298316906283713
273.88153537754545,365.38654162459466,0,0.2607176833863133,3.9714412106089285,5.298316906283713
282.9942532234636,365.38654162459466,0,0.25265944051324396,4.103580907956696,5.298316906283713
292.1069710693818,365.38654162459466,0,0.24514418271459557,4.235720605304464,5.298316906283713
301.2196889153,365.38654162459466,0,0.2381292611550507,4.3678603026522325,5.298316906283713
310.3324067612181,365.38654162459466,0,0.23157791709235356,4.5,5.298316906283713
0.5,522.3059348082718,0,139.65261202232753,0.007250290175886264,7.5737391758950094
9.612717845918182,522.3059348082718,0,7.263972591774419,0.13938998752365434,7.5737391758950094
18.725435691836363,522.3059348082718,0,3.7289982144470732,0.27152968487142237,7.5737391758950094
27.838153537754543,522.3059348082718,0,2.5083595922617716,0.4036693822191904,7.5737391758950094
36.95087138367273,522.3059348082718,0,1.8897922707325179,0.5358090795669586,7.5737391758950094
46.06358922959091,522.3059348082718,0,1.5159746793799158,0.6679487769147266,7.5737391758950094
55.17630707550909,522.3059348082718,0,1.2656409816992173,0.8000884742624946,7.5737391758950094
64.28902492142727,522.3059348082718,0,1.0862811902926621,0.9322281716102627,7.5737391758950094
73.40174276734545,522.3059348082718,0,0.9514614823035301,1.0643678689580307,7.5737391758950094
82.51446061326362,522.3059348082718,1,0.8464252250405465,1.1965075663057987,7.5737391758950094
91.62717845918182,522.3059348082718,1,0.7622862420951434,1.328647263653567,7.5737391758950094
100.73989630509999,522.3059348082718,1,0.6933736687066537,1.4607869610013349,7.5737391758950094
109.85261415101817,522.3059348082718,1,0.6358983370198126,1.5929266583491029,7.5737391758950094
118.96533199693636,522.3059348082718,1,0.5872320889816242,1.725066355696871,7.5737391758950094
128.07804984285454,522.3059348082718,1,0.5454947494614729,1.857206053044639,7.5737391758950094
137.19076768877272,522.3059348082718,1,0.5093057081001157,1.9893457503924072,7.5737391758950094
146.3034855346909,522.3059348082718,1,0.4776283396988109,2.1214854477401754,7.5737391758950094
155.4162033806091,522.3059348082718,1,0.44966915851066674,2.2536251450879434,7.5737391758950094
164.52892122652727,522.3059348082718,1,0.42481048572643193,2.3857648424357114,7.5737391758950094
173.64163907244549,522.3059348082718,1,0.4025643187554502,2.51790453978348,7.5737391758950094
182.75435691836364,522.3059348082718,1,0.38254000199131294,2.650044237131248,7.5737391758950094
191.86707476428182,522.3059348082718,1,0.36442111057352977,2.782183934479016,7.5737391758950094
200.9797926102,522.3059348082718,1,0.3479486230497626,2.914323631826784,7.5737391758950094
210.0925104561182,522.3059348082718,1,0.332908473502631,3.0464633291745518,7.5737391758950094
219.20522830203635,522.3059348082718,1,0.31912220873580144,3.1786030265223197,7.5737391758950094
228.31794614795456,522.3059348082718,1,0.3064398830351344,3.310742723870088,7.5737391758950094
237.43066399387274,522.3059348082718,1,0.29473458938198976,3.442882421217856,7.5737391758950094
246.54338183979092,522.3059348082718,1,0.2838982037511817,3.575022118565624,7.5737391758950094
255.65609968570908,522.3059348082718,0,0.2738380398589223,3.707161815913392,7.5737391758950094
264.7688175316273,522.3059348082718,0,0.26447419506258946,3.83930151326116,7.5737391758950094
273.88153537754545,522.3059348082718,0,0.2557374264974573,3.9714412106089285,7.5737391758950094
282.9942532234636,522.3059348082718,0,0.24756743800153552,4.103580907956696,7.5737391758950094
292.1069710693818,522.3059348082718,0,0.2399114882068031,4.235720605304464,7.5737391758950094
301.2196889153,522.3059348082718,0,0.23272325188574988,4.3678603026522325,7.5737391758950094
310.3324067612181,522.3059348082718,0,0.22596188262130104,4.5,7.5737391758950094
0.5,746.6161406027547,0,138.8451044651695,0.007250290175886264,10.82636733874054
9.612717845918182,746.6161406027547,0,7.221954739216825,0.13938998752365434,10.82636733874054
18.725435691836363,746.6161406027547,0,3.7074055465439826,0.27152968487142237,10.82636733874054
27.838153537754543,746.6161406027547,0,2.4938099865279755,0.4036693822191904,10.82636733874054
36.95087138367273,746.6161406027547,0,1.878804327601234,0.5358090795669586,10.82636733874054
46.06358922959091,746.6161406027547,0,1.507133099270866,0.6679487769147266,10.82636733874054
55.17630707550909,746.6161406027547,0,1.2582316305906454,0.8000884742624946,10.82636733874054
64.28902492142727,746.6161406027547,0,1.0798935354427577,0.9322281716102627,10.82636733874054
73.40174276734545,746.6161406027547,0,0.9458378125847513,1.0643678689580307,10.82636733874054
82.51446061326362,746.6161406027547,0,0.841393129658031,1.1965075663057987,10.82636733874054
91.62717845918182,746.6161406027547,1,0.757724665172679,1.328647263653567,10.82636733874054
100.73989630509999,746.6161406027547,1,0.6891943164443814,1.4607869610013349,10.82636733874054
109.85261415101817,746.6161406027547,1,0.6320347959924776,1.5929266583491029,10.82636733874054
118.96533199693636,746.6161406027547,1,0.5836331114619093,1.725066355696871,10.82636733874054
128.07804984285454,746.6161406027547,1,0.542119926784362,1.857206053044639,10.82636733874054
137.19076768877272,746.6161406027547,1,0.5061225802418765,1.9893457503924072,10.82636733874054
146.3034855346909,746.6161406027547,1,0.47461040423497897,2.1214854477401754,10.82636733874054
155.4162033806091,746.6161406027547,1,0.446794462445087,2.2536251450879434,10.82636733874054
164.52892122652727,746.6161406027547,1,0.42206060638350074,2.3857648424357114,10.82636733874054
173.64163907244549,746.6161406027547,1,0.39992361111137825,2.51790453978348,10.82636733874054
182.75435691836364,746.6161406027547,1,0.3799950326061353,2.650044237131248,10.82636733874054
191.86707476428182,746.6161406027547,1,0.3619602248120627,2.782183934479016,10.82636733874054
200.9797926102,746.6161406027547,1,0.3455616091813606,2.914323631826784,10.82636733874054
210.0925104561182,746.6161406027547,1,0.3305862983031362,3.0464633291745518,10.82636733874054
219.20522830203635,746.6161406027547,1,0.31685680657540427,3.1786030265223197,10.82636733874054
228.31794614795456,746.6161406027547,1,0.30422398544168167,3.310742723870088,10.82636733874054
237.43066399387274,746.6161406027547,1,0.2925615855329681,3.442882421217856,10.82636733874054
246.54338183979092,746.6161406027547,1,0.28176202478107115,3.575022118565624,10.82636733874054
255.65609968570908,746.6161406027547,0,0.2717330616009955,3.707161815913392,10.82636733874054
264.7688175316273,746.6161406027547,0,0.26239515509099437,3.83930151326116,10.82636733874054
273.88153537754545,746.6161406027547,0,0.2536793522398891,3.9714412106089285,10.82636733874054
282.9942532234636,746.6161406027547,0,0.24552558335144722,4.103580907956696,10.82636733874054
292.1069710693818,746.6161406027547,0,0.23788127654247498,4.235720605304464,10.82636733874054
301.2196889153,746.6161406027547,0,0.230700223746082,4.3678603026522325,10.82636733874054
310.3324067612181,746.6161406027547,0,0.22394164652462617,4.5,10.82636733874054
0.5,1067.2589075848375,0,138.4037911395589,0.007250290175886264,15.475873545578908
9.612717845918182,1067.2589075848375,0,7.198995462572265,0.13938998752365434,15.475873545578908
18.725435691836363,1067.2589075848375,0,3.6956127368402334,0.27152968487142237,15.475873545578908
27.838153537754543,1067.2589075848375,0,2.4858701558721426,0.4036693822191904,15.475873545578908
36.95087138367273,1067.2589075848375,0,1.8728148730138114,0.5358090795669586,15.475873545578908
46.06358922959091,1067.2589075848375,0,1.502320578026256,0.6679487769147266,15.475873545578908
55.17630707550909,1067.2589075848375,0,1.254205805747816,0.8000884742624946,15.475873545578908
64.28902492142727,1067.2589075848375,0,1.0764301019821745,0.9322281716102627,15.475873545578908
73.40174276734545,1067.2589075848375,0,0.9427959946501651,1.0643678689580307,15.475873545578908
82.51446061326362,1067.2589075848375,0,0.8386787796645837,1.1965075663057987,15.475873545578908
91.62717845918182,1067.2589075848375,1,0.7552717126344334,1.328647263653567,15.475873545578908
100.73989630509999,1067.2589075848375,1,0.6869546072543758,1.4607869610013349,15.475873545578908
109.85261415101817,1067.2589075848375,1,0.6299721460178827,1.5929266583491029,15.475873545578908
118.96533199693636,1067.2589075848375,1,0.5817196375548929,1.725066355696871,15.475873545578908
128.07804984285454,1067.2589075848375,1,0.5403336829779345,1.857206053044639,15.475873545578908
137.19076768877272,1067.2589075848375,1,0.5044459789537324,1.9893457503924072,15.475873545578908
146.3034855346909,1067.2589075848375,1,0.473029129101638,2.1214854477401754,15.475873545578908
155.4162033806091,1067.2589075848375,1,0.4452966998221794,2.2536251450879434,15.475873545578908
164.52892122652727,1067.2589075848375,1,0.42063648960702615,2.3857648424357114,15.475873545578908
173.64163907244549,1067.2589075848375,1,0.39856481051966053,2.51790453978348,15.475873545578908
182.75435691836364,1067.2589075848375,1,0.37869444770763644,2.650044237131248,15.475873545578908
191.86707476428182,1067.2589075848375,1,0.3607117494840961,2.782183934479016,15.475873545578908
200.9797926102,1067.2589075848375,1,0.344359950024985,2.914323631826784,15.475873545578908
210.0925104561182,1067.2589075848375,1,0.3294268323133375,3.0464633291745518,15.475873545578908
219.20522830203635,1067.2589075848375,1,0.31573546831275406,3.1786030265223197,15.475873545578908
228.31794614795456,1067.2589075848375,1,0.30313717663280537,3.310742723870088,15.475873545578908
237.43066399387274,1067.2589075848375,1,0.29150610192657656,3.442882421217856,15.475873545578908
246.54338183979092,1067.2589075848375,1,0.28073499642398525,3.575022118565624,15.475873545578908
255.65609968570908,1067.2589075848375,0,0.2707319036547271,3.707161815913392,15.475873545578908
264.7688175316273,1067.2589075848375,0,0.2614175270022038,3.83930151326116,15.475873545578908
273.88153537754545,1067.2589075848375,0,0.252723123586288,3.9714412106089285,15.475873545578908
282.9942532234636,1067.2589075848375,0,0.24458880506189473,4.103580907956696,15.475873545578908
292.1069710693818,1067.2589075848375,0,0.23696215647291807,4.235720605304464,15.475873545578908
301.2196889153,1067.2589075848375,0,0.2297971058072639,4.3678603026522325,15.475873545578908
310.3324067612181,1067.2589075848375,0,0.22305299272123774,4.5,15.475873545578908
0.5,1525.6053464094853,0,138.16998313834497,0.007250290175886264,22.122162910704503
9.612717845918182,1525.6053464094853,0,7.186832800374864,0.13938998752365434,22.122162910704503
18.725435691836363,1525.6053464094853,0,3.6893671920158724,0.27152968487142237,22.122162910704503
27.838153537754543,1525.6053464094853,0,2.4816670410902115,0.4036693822191904,22.122162910704503
36.95087138367273,1525.6053464094853,0,1.8696461924134644,0.5358090795669586,22.122162910704503
46.06358922959091,1525.6053464094853,0,1.499776566958153,0.6679487769147266,22.122162910704503
55.17630707550909,1525.6053464094853,0,1.25207972366983,0.8000884742624946,22.122162910704503
64.28902492142727,1525.6053464094853,0,1.0746031206591615,0.9322281716102627,22.122162910704503
73.40174276734545,1525.6053464094853,0,0.9411935411498558,1.0643678689580307,22.122162910704503
82.51446061326362,1525.6053464094853,0,0.8372509862739892,1.1965075663057987,22.122162910704503
91.62717845918182,1525.6053464094853,1,0.7539835884733909,1.328647263653567,22.122162910704503
100.73989630509999,1525.6053464094853,1,0.6857806551608895,1.4607869610013349,22.122162910704503
109.85261415101817,1525.6053464094853,1,0.6288932121854086,1.5929266583491029,22.122162910704503
118.96533199693636,1525.6053464094853,1,0.5807209677513857,1.725066355696871,22.122162910704503
128.07804984285454,1525.6053464094853,1,0.5394036702585298,1.857206053044639,22.122162910704503
137.19076768877272,1525.6053464094853,1,0.5035753272773325,1.9893457503924072,22.122162910704503
146.3034855346909,1525.6053464094853,1,0.4722102774201016,2.1214854477401754,22.122162910704503
155.4162033806091,1525.6053464094853,1,0.4445234150060259,2.2536251450879434,22.122162910704503
164.52892122652727,1525.6053464094853,1,0.4199035720995077,2.3857648424357114,22.122162910704503
173.64163907244549,1525.6053464094853,1,0.39786787722293937,2.51790453978348,22.122162910704503
182.75435691836364,1525.6053464094853,1,0.3780297689944909,2.650044237131248,22.122162910704503
191.86707476428182,1525.6053464094853,1,0.3600761249106842,2.782183934479016,22.122162910704503
200.9797926102,1525.6053464094853,1,0.3437506122157492,2.914323631826784,22.122162910704503
210.0925104561182,1525.6053464094853,1,0.3288413716859505,3.0464633291745518,22.122162910704503
219.20522830203635,1525.6053464094853,1,0.3151717734446285,3.1786030265223197,22.122162910704503
228.31794614795456,1525.6053464094853,1,0.302593386523065,3.310742723870088,22.122162910704503
237.43066399387274,1525.6053464094853,1,0.29098056741380185,3.442882421217856,22.122162910704503
246.54338183979092,1525.6053464094853,1,0.28022624872887864,3.575022118565624,22.122162910704503
255.65609968570908,1525.6053464094853,0,0.27023862852353564,3.707161815913392,22.122162910704503
264.7688175316273,1525.6053464094853,0,0.26093854329392535,3.83930151326116,22.122162910704503
273.88153537754545,1525.6053464094853,0,0.2522573654161252,3.9714412106089285,22.122162910704503
282.9942532234636,1525.6053464094853,0,0.2441353068134547,4.103580907956696,22.122162910704503
292.1069710693818,1525.6053464094853,0,0.236520040141761,4.235720605304464,22.122162910704503
301.2196889153,1525.6053464094853,0,0.22936557025217805,4.3678603026522325,22.122162910704503
310.3324067612181,1525.6053464094853,0,0.2226313044866626,4.5,22.122162910704503
0.5,2180.793860282859,0,138.04890690906626,0.007250290175886264,31.622776601683793
9.612717845918182,2180.793860282859,0,7.180534753025906,0.13938998752365434,31.622776601683793
18.725435691836363,2180.793860282859,0,3.686133599654817,0.27152968487142237,31.622776601683793
27.838153537754543,2180.793860282859,0,2.479491417638082,0.4036693822191904,31.622776601683793
36.95087138367273,2180.793860282859,0,1.8680065531239154,0.5358090795669586,31.622776601683793
46.06358922959091,2180.793860282859,0,1.4984607181815361,0.6679487769147266,31.622776601683793
55.17630707550909,2180.793860282859,0,1.2509806069300815,0.8000884742624946,31.622776601683793
64.28902492142727,2180.793860282859,0,1.073659202613926,0.9322281716102627,31.622776601683793
73.40174276734545,2180.793860282859,0,0.9403662060420114,1.0643678689580307,31.622776601683793
82.51446061326362,2180.793860282859,0,0.8365144120257585,1.1965075663057987,31.622776601683793
91.62717845918182,2180.793860282859,1,0.7533196571106211,1.328647263653567,31.622776601683793
100.73989630509999,2180.793860282859,1,0.6851761651983452,1.4607869610013349,31.622776601683793
109.85261415101817,2180.793860282859,1,0.6283382472312998,1.5929266583491029,31.622776601683793
118.96533199693636,2180.793860282859,1,0.5802078899342891,1.725066355696871,31.622776601683793
128.07804984285454,2180.793860282859,1,0.5389264717410426,1.857206053044639,31.622776601683793
137.19076768877272,2180.793860282859,1,0.5031291971437667,1.9893457503924072,31.622776601683793
146.3034855346909,2180.793860282859,1,0.47179130344895487,2.1214854477401754,31.622776601683793
155.4162033806091,2180.793860282859,1,0.4441283728739714,2.2536251450879434,31.622776601683793
164.52892122652727,2180.793860282859,1,0.41952977296161437,2.3857648424357114,31.622776601683793
173.64163907244549,2180.793860282859,1,0.3975130552875835,2.51790453978348,31.622776601683793
182.75435691836364,2180.793860282859,1,0.37769199712736107,2.650044237131248,31.622776601683793
191.86707476428182,2180.793860282859,1,0.3597537502804178,2.782183934479016,31.622776601683793
200.9797926102,2180.793860282859,1,0.3434422065288807,2.914323631826784,31.622776601683793
210.0925104561182,2180.793860282859,1,0.3285456922143038,3.0464633291745518,31.622776601683793
219.20522830203635,2180.793860282859,1,0.31488773215317906,3.1786030265223197,31.622776601683793
228.31794614795456,2180.793860282859,1,0.3023200253583986,3.310742723870088,31.622776601683793
237.43066399387274,2180.793860282859,1,0.2907170383344703,3.442882421217856,31.622776601683793
246.54338183979092,2180.793860282859,1,0.27997179742601713,3.575022118565624,31.622776601683793
255.65609968570908,2180.793860282859,0,0.26999258104250007,3.707161815913392,31.622776601683793
264.7688175316273,2180.793860282859,0,0.26070029495785507,3.83930151326116,31.622776601683793
273.88153537754545,2180.793860282859,0,0.2520263715918682,3.9714412106089285,31.622776601683793
282.9942532234636,2180.793860282859,0,0.24391107516388152,4.103580907956696,31.622776601683793
292.1069710693818,2180.793860282859,0,0.2363021240862292,4.235720605304464,31.622776601683793
301.2196889153,2180.793860282859,0,0.2291535634158283,4.3678603026522325,31.622776601683793
310.3324067612181,2180.793860282859,0,0.22242483596431195,4.5,31.622776601683793
